dataset,refined_question,ground_truth,selected_methods,selected_columns,extracted_answer
Bank Customer Churn Prediction Dataset,Is the age of the bank customer suitable for methods that assume normality?,"{""columns"": [""Age""], ""methods"": [""Anderson-Darling Test"", ""Kolmogorov-Smirnov Test for Normality"", ""Lilliefors Test""]}","[""Anderson-Darling Test"", ""Kolmogorov-Smirnov Test for Uniform distribution""]","[""Age""]","{""columns"": [""Age""], ""methods"": [""Anderson-Darling Test"", ""Kolmogorov-Smirnov Test for Uniform distribution""]}"
Bank Customer Churn Prediction Dataset,To what extent do CreditScore and EstimatedSalary exhibit similar variance patterns?,"{""columns"": [""CreditScore"", ""EstimatedSalary""], ""methods"": [""Mood Variance Test"", ""Levene Test""]}","[""Mood Variance Test"", ""Levene Test""]","[""CreditScore"", ""EstimatedSalary""]","{""columns"": [""CreditScore"", ""EstimatedSalary""], ""methods"": [""Mood Variance Test"", ""Levene Test""]}"
Crop Production Dataset,What are the quartile values for annual crop production in the Philippines?,"{""columns"": [""Philippines""], ""methods"": [""Quartile""]}","[""Quartile""]","[""Philippines""]","{""columns"": [""Philippines""], ""methods"": [""Quartile""]}"
Crop Production Dataset,Is the variability in annual crop production in India not significantly different from that in China?,"{""columns"": [""India"", ""China""], ""methods"": [""Mood Variance Test"", ""Levene Test"", ""Bartlett Test"", ""F-Test for Variance""]}","[""F-Test for Variance"", ""Bartlett Test""]","[""India"", ""China""]","{""columns"": [""India"", ""China""], ""methods"": [""F-Test for Variance"", ""Bartlett Test""]}"
Crop Production Dataset,Do the variances in annual crop production in Thailand and China demonstrate statistical similarity?,"{""columns"": [""Thailand"", ""China""], ""methods"": [""Mood Variance Test"", ""Levene Test"", ""Bartlett Test"", ""F-Test for Variance""]}","[""F-Test for Variance"", ""Bartlett Test""]","[""Thailand"", ""China""]","{""columns"": [""Thailand"", ""China""], ""methods"": [""F-Test for Variance"", ""Bartlett Test""]}"
Crop Production Dataset,Is there a statistically significant difference in the distribution of annual crop production between Thailand and India?,"{""columns"": [""Thailand"", ""India""], ""methods"": [""Kolmogorov-Smirnov Test""]}","[""Kolmogorov-Smirnov Test""]","[""Thailand"", ""India""]","{""columns"": [""Thailand"", ""India""], ""methods"": [""Kolmogorov-Smirnov Test""]}"
Customer Personality Analysis Dataset,"What is the nature of the relationship between the number of purchases made through the company鈥檚 website (NumWebPurchases) and the amount spent on meat in the last 2 years (MntMeatProducts), taking into account the amount spent on sweets in the last 2 years (MntSweetProducts)?","{""columns"": [""NumWebPurchases"", ""MntMeatProducts"", ""MntSweetProducts""], ""methods"": [""Partial Correlation Coefficient""]}","[""Partial Correlation Coefficient""]","[""NumWebPurchases"", ""MntMeatProducts"", ""MntSweetProducts""]","{""columns"": [""NumWebPurchases"", ""MntMeatProducts"", ""MntSweetProducts""], ""methods"": [""Partial Correlation Coefficient""]}"
Customer Personality Analysis Dataset,Is the distribution of the number of purchases made with a discount approximately normal for NumDealsPurchases?,"{""columns"": [""NumDealsPurchases""], ""methods"": [""Anderson-Darling Test"", ""Kolmogorov-Smirnov Test for Normality"", ""Lilliefors Test""]}","[""Anderson-Darling Test"", ""Shapiro-Wilk Test of Normality"", ""Lilliefors Test"", ""Kolmogorov-Smirnov Test""]","[""NumDealsPurchases""]","{""columns"": [""NumDealsPurchases""], ""methods"": [""Anderson-Darling Test"", ""Shapiro-Wilk Test of Normality"", ""Lilliefors Test"", ""Kolmogorov-Smirnov Test""]}"
Dataset for Admission in the University,"What is the level of kurtosis for the variable ""Letter of Recommendation"" - high or low?","{""columns"": [""LOR ""], ""methods"": [""Kurtosis""]}","[""Kurtosis""]","[""LOR ""]","{""columns"": [""LOR ""], ""methods"": [""Kurtosis""]}"
Exercise and Fitness Metrics Dataset,Is the variability in the estimated number of calories burned during the exercise session similar to that in the desired weight?,"{""columns"": [""Calories Burn"", ""Dream Weight""], ""methods"": [""Mood Variance Test"", ""Levene Test""]}","[""Pearson Correlation Coefficient"", ""Spearman Correlation Coefficient"", ""Kendall Correlation Coefficient""]","[""Calories Burn"", ""Dream Weight""]","{""columns"": [""Calories Burn"", ""Dream Weight""], ""methods"": [""Pearson Correlation Coefficient"", ""Spearman Correlation Coefficient"", ""Kendall Correlation Coefficient""]}"
FIFA Official Dataset 2023,Do the age and overall rating of the player's skills and abilities exhibit similar levels of data spread?,"{""columns"": [""Age"", ""Overall""], ""methods"": [""Mood Variance Test"", ""Levene Test""]}","[""Mood Variance Test"", ""Levene Test""]","[""Age"", ""Overall""]","{""columns"": [""Age"", ""Overall""], ""methods"": [""Mood Variance Test"", ""Levene Test""]}"
Green House Gas Produce by Different Industry,Could you please provide the median value of greenhouse gas emissions for 2021 (F2021)?,"{""columns"": [""F2021""], ""methods"": [""Median""]}","[""Median""]","[""F2021""]","{""columns"": [""F2021""], ""methods"": [""Median""]}"
Heart Failure Prediction Dataset,Is there a relationship between the sex of the patient and the type of chest pain experienced?,"{""columns"": [""Sex"", ""ChestPainType""], ""methods"": [""Chi-square Independence Test""]}","[""Pearson Correlation Coefficient"", ""Spearman Correlation Coefficient"", ""Kendall Correlation Coefficient""]","[""Sex"", ""ChestPainType""]","{""columns"": [""Sex"", ""ChestPainType""], ""methods"": [""Pearson Correlation Coefficient"", ""Spearman Correlation Coefficient"", ""Kendall Correlation Coefficient""]}"
Housing Price Dataset,"What are the quartile values for the variable ""Bedrooms,"" which represents the number of bedrooms?","{""columns"": [""Bedrooms""], ""methods"": [""Quartile""]}","[""Quartile""]","[""Bedrooms""]","{""columns"": [""Bedrooms""], ""methods"": [""Quartile""]}"
Income and Happiness Score Dataset,Does the statistical analysis suggest that the data for the median income follows a Gamma distribution?,"{""columns"": [""median_income""], ""methods"": [""Kolmogorov-Smirnov Test for Gamma distribution""]}","[""Kolmogorov-Smirnov Test for Gamma distribution""]","[""median_income""]","{""columns"": [""median_income""], ""methods"": [""Kolmogorov-Smirnov Test for Gamma distribution""]}"
Income and Happiness Score Dataset,Is there uniformity in the variance of self-reported happiness scores (measured by the standard deviation) compared to the variance of median income among individuals in the country?,"{""columns"": [""std_satisfaction"", ""median_income""], ""methods"": [""Mood Variance Test"", ""Levene Test""]}","[""Mood Variance Test"", ""Levene Test""]","[""happyScore"", ""median_income""]","{""columns"": [""happyScore"", ""median_income""], ""methods"": [""Mood Variance Test"", ""Levene Test""]}"
Jobs and Salaries Dataset,Is there a relationship between the frequency of work settings and company size?,"{""columns"": [""work_setting"", ""company_size""], ""methods"": [""Chi-square Independence Test""]}","[""Pearson Correlation Coefficient"", ""Spearman Correlation Coefficient"", ""Kendall Correlation Coefficient""]","[""work_setting"", ""company_size""]","{""columns"": [""work_setting"", ""company_size""], ""methods"": [""Pearson Correlation Coefficient"", ""Spearman Correlation Coefficient"", ""Kendall Correlation Coefficient""]}"
Los Angeles Library Monthly Statistics,Are the variances of the total number of program attendees and the number of homeless individuals served at The Source statistically similar?,"{""columns"": [""Total Program Attendees"", ""# of Homeless Individuals Served at The Source""], ""methods"": [""Mood Variance Test"", ""Levene Test""]}","[""Mood Variance Test"", ""Levene Test""]","[""Total Program Attendees"", ""# of Homeless Individuals Served at The Source""]","{""columns"": [""Total Program Attendees"", ""# of Homeless Individuals Served at The Source""], ""methods"": [""Mood Variance Test"", ""Levene Test""]}"
Los Angeles Library Monthly Statistics,Could you please calculate the standard deviation for the dataset of the total number of visitors to the library?,"{""columns"": [""Total Library Visitors""], ""methods"": [""Standard Deviation""]}","[""Standard Deviation""]","[""Total Library Visitors""]","{""columns"": [""Total Library Visitors""], ""methods"": [""Standard Deviation""]}"
Lung Cancer Survey Dataset,Does the correlation between SHORTNESS OF BREATH and CHEST PAIN remain consistent across different levels of YELLOW_FINGERS?,"{""columns"": [""SHORTNESS OF BREATH"", ""CHEST PAIN"", ""YELLOW_FINGERS""], ""methods"": [""Mantel-Haenszel Test""]}","[""Partial Correlation Coefficient""]","[""SHORTNESS OF BREATH"", ""CHEST PAIN"", ""YELLOW_FINGERS""]","{""columns"": [""SHORTNESS OF BREATH"", ""CHEST PAIN"", ""YELLOW_FINGERS""], ""methods"": [""Partial Correlation Coefficient""]}"
Lung Cancer Survey Dataset,"Is there a statistically significant difference in the effect of fatigue on swallowing difficulty across various levels of smoking habits, as indicated by the presence of yellow fingers?","{""columns"": [""FATIGUE "", ""SWALLOWING DIFFICULTY"", ""YELLOW_FINGERS""], ""methods"": [""Mantel-Haenszel Test""]}","[""Mantel-Haenszel Test""]","[""SWALLOWING DIFFICULTY"", ""SMOKING"", ""YELLOW_FINGERS""]","{""columns"": [""SWALLOWING DIFFICULTY"", ""SMOKING"", ""YELLOW_FINGERS""], ""methods"": [""Mantel-Haenszel Test""]}"
Lung Cancer Survey Dataset,Is the association between the presence of wheezing and chest pain stable across different levels of allergy?,"{""columns"": [""WHEEZING"", ""CHEST PAIN"", ""ALLERGY ""], ""methods"": [""Mantel-Haenszel Test""]}","[""Mantel-Haenszel Test""]","[""CHEST PAIN"", ""WHEEZING"", ""ALLERGY ""]","{""columns"": [""CHEST PAIN"", ""WHEEZING"", ""ALLERGY ""], ""methods"": [""Mantel-Haenszel Test""]}"
Pokedex Dataset,"Is there a significant difference in the variances of the aggregate base stats (Health Points, Attack, Defense, Special Attack, Special Defense, and Speed) and the base Special Defense?","{""columns"": [""Total"", ""Sp_Def""], ""methods"": [""Mood Variance Test"", ""Levene Test""]}","[""Chi-square Independence Test""]","[""Total"", ""Defense""]","{""columns"": [""Total"", ""Defense""], ""methods"": [""Chi-square Independence Test""]}"
Rainfall Dataset of Barak Velly,"How does the variability of rainfall measurements in June, as indicated by the standard deviation, manifest?","{""columns"": [""JUN""], ""methods"": [""Standard Deviation""]}","[""Standard Deviation""]","[""JUN""]","{""columns"": [""JUN""], ""methods"": [""Standard Deviation""]}"
Rainfall Dataset of Barak Velly,What is the kurtosis level of the June rainfall measurements?,"{""columns"": [""JUN""], ""methods"": [""Kurtosis""]}","[""Kurtosis""]","[""JUN""]","{""columns"": [""JUN""], ""methods"": [""Kurtosis""]}"
Real Estate Valuation Dataset,Could you please provide me with the range of the house prices per unit area (Y) from the smallest to the largest value?,"{""columns"": [""Y house price of unit area""], ""methods"": [""Range""]}","[""Range""]","[""Y house price of unit area""]","{""columns"": [""Y house price of unit area""], ""methods"": [""Range""]}"
Stroke Prediction Dataset,Does being married at any point correlate with various smoking habits?,"{""columns"": [""ever_married"", ""smoking_status""], ""methods"": [""Chi-square Independence Test""]}","[""Spearman Correlation Coefficient"", ""Pearson Correlation Coefficient"", ""Kendall Correlation Coefficient""]","[""ever_married"", ""smoking_status""]","{""columns"": [""ever_married"", ""smoking_status""], ""methods"": [""Spearman Correlation Coefficient"", ""Pearson Correlation Coefficient"", ""Kendall Correlation Coefficient""]}"
Student Information and Grades Dataset,Does the influence of participation in sports activities on project work exhibit differential patterns when stratified by involvement in additional work?,"{""columns"": [""Sports_activity"", ""Project_work"", ""Additional_Work""], ""methods"": [""Mantel-Haenszel Test""]}","[""Pearson Correlation Coefficient"", ""Spearman Correlation Coefficient"", ""Kendall Correlation Coefficient""]","[""Project_work"", ""Additional_Work""]","{""columns"": [""Project_work"", ""Additional_Work""], ""methods"": [""Pearson Correlation Coefficient"", ""Spearman Correlation Coefficient"", ""Kendall Correlation Coefficient""]}"
Student Performance Prediction Dataset,Is there a significant variation in the impact of home address type on the intention to pursue higher education when considering the gender of the students?,"{""columns"": [""address"", ""higher"", ""sex""], ""methods"": [""Mantel-Haenszel Test""]}","[""Mantel-Haenszel Test""]","[""address"", ""higher"", ""sex""]","{""columns"": [""address"", ""higher"", ""sex""], ""methods"": [""Mantel-Haenszel Test""]}"
Student Performance Prediction Dataset,"Is there a significant difference in the relationship between the provision of extra educational support (schoolsup) and attendance at nursery school (nursery), when stratified by the student's school (GP or MS)?","{""columns"": [""schoolsup"", ""nursery"", ""school""], ""methods"": [""Mantel-Haenszel Test""]}","[""Partial Correlation Coefficient""]","[""schoolsup"", ""nursery"", ""school""]","{""columns"": [""schoolsup"", ""nursery"", ""school""], ""methods"": [""Partial Correlation Coefficient""]}"
Student Performance Prediction Dataset,Is there a statistically significant difference between the variations in age and travel time?,"{""columns"": [""age"", ""traveltime""], ""methods"": [""Mood Variance Test"", ""Levene Test""]}","[""Pearson Correlation Coefficient"", ""Spearman Correlation Coefficient"", ""Kendall Correlation Coefficient""]","[""age"", ""traveltime""]","{""columns"": [""age"", ""traveltime""], ""methods"": [""Pearson Correlation Coefficient"", ""Spearman Correlation Coefficient"", ""Kendall Correlation Coefficient""]}"
Student Performance Prediction Dataset,Does the likelihood of pursuing higher education depend on particular reasons for choosing this school?,"{""columns"": [""reason"", ""higher""], ""methods"": [""Chi-square Independence Test""]}","[""Pearson Correlation Coefficient"", ""Spearman Correlation Coefficient"", ""Kendall Correlation Coefficient""]","[""higher"", ""school""]","{""columns"": [""higher"", ""school""], ""methods"": [""Pearson Correlation Coefficient"", ""Spearman Correlation Coefficient"", ""Kendall Correlation Coefficient""]}"
Student Performance Prediction Dataset,Is there a statistically significant difference in the influence of internet access on romantic relationships across different genders?,"{""columns"": [""internet"", ""romantic"", ""sex""], ""methods"": [""Mantel-Haenszel Test""]}","[""Partial Correlation Coefficient""]","[""internet"", ""romantic"", ""sex""]","{""columns"": [""internet"", ""romantic"", ""sex""], ""methods"": [""Partial Correlation Coefficient""]}"
Terrorist Attacks Dataset,Is there evidence to suggest that the number of deaths of individuals aged 100 or above does not follow a normal distribution?,"{""columns"": [""Death Age 100+""], ""methods"": [""Anderson-Darling Test"", ""Kolmogorov-Smirnov Test for Normality"", ""Lilliefors Test""]}","[""Anderson-Darling Test"", ""Shapiro-Wilk Test of Normality"", ""Lilliefors Test"", ""Kolmogorov-Smirnov Test for Normality""]","[""Death Age 100+""]","{""columns"": [""Death Age 100+""], ""methods"": [""Anderson-Darling Test"", ""Shapiro-Wilk Test of Normality"", ""Lilliefors Test"", ""Kolmogorov-Smirnov Test for Normality""]}"
US Christmas Tree Sales Dataset,Do the dispersions of the quantity of Christmas trees sold and the average selling price of trees show statistical similarity?,"{""columns"": [""Number of trees sold"", ""Average Tree Price""], ""methods"": [""Mood Variance Test"", ""Levene Test"", ""Bartlett Test"", ""F-Test for Variance""]}","[""Pearson Correlation Coefficient"", ""Spearman Correlation Coefficient"", ""Kendall Correlation Coefficient""]","[""Number of trees sold"", ""Average Tree Price""]","{""columns"": [""Number of trees sold"", ""Average Tree Price""], ""methods"": [""Pearson Correlation Coefficient"", ""Spearman Correlation Coefficient"", ""Kendall Correlation Coefficient""]}"
US Christmas Tree Sales Dataset,Does a significant correlation exist between the mean cost of Christmas trees and the overall income derived from the sales of these trees during the holiday season?,"{""columns"": [""Average Tree Price"", ""Sales""], ""methods"": [""Kendall Correlation Coefficient""]}","[""Partial Correlation Coefficient""]","[""Average Tree Price"", ""Sales"", ""Year""]","{""columns"": [""Average Tree Price"", ""Sales"", ""Year""], ""methods"": [""Partial Correlation Coefficient""]}"
Video Games Sales Dataset,What does the mean review score indicate?,"{""columns"": [""Review""], ""methods"": [""Mean""]}","[""Mean""]","[""Review""]","{""columns"": [""Review""], ""methods"": [""Mean""]}"
Video Games Sales Dataset,"How is the asymmetry of the number of units sold in Japan, in millions, manifested?","{""columns"": [""Japan""], ""methods"": [""Skewness""]}","[""Skewness""]","[""Japan""]","{""columns"": [""Japan""], ""methods"": [""Skewness""]}"
Crop Production Dataset,Are the distributions of annual crop production in the Philippines and Myanmar closely aligned?,"{""columns"": [""Philippines"", ""Myanmar""], ""methods"": [""Kolmogorov-Smirnov Test""]}","[""Kolmogorov-Smirnov Test""]","[""Philippines"", ""Myanmar""]","{""columns"": [""Philippines"", ""Myanmar""], ""methods"": [""Kolmogorov-Smirnov Test""]}"
Crop Production Dataset,Are the levels of variability in annual crop production in Thailand and Bangladesh similar?,"{""columns"": [""Thailand"", ""Bangladesh""], ""methods"": [""Mood Variance Test"", ""Levene Test"", ""Bartlett Test"", ""F-Test for Variance""]}","[""Bartlett Test"", ""F-Test for Variance""]","[""Thailand"", ""Bangladesh""]","{""columns"": [""Thailand"", ""Bangladesh""], ""methods"": [""Bartlett Test"", ""F-Test for Variance""]}"
Crop Production Dataset,Is the variability of annual crop production in Japan not significantly different from that in India?,"{""columns"": [""Japan"", ""India""], ""methods"": [""Mood Variance Test"", ""Levene Test"", ""Bartlett Test"", ""F-Test for Variance""]}","[""F-Test for Variance"", ""Bartlett Test""]","[""India"", ""Japan""]","{""columns"": [""India"", ""Japan""], ""methods"": [""F-Test for Variance"", ""Bartlett Test""]}"
Customer Personality Analysis Dataset,Is the amount spent on wine in the last 2 years suitable for methods assuming normality?,"{""columns"": [""MntWines""], ""methods"": [""Anderson-Darling Test"", ""Kolmogorov-Smirnov Test for Normality"", ""Lilliefors Test""]}","[""Anderson-Darling Test"", ""Shapiro-Wilk Test of Normality"", ""Kolmogorov-Smirnov Test for Normality"", ""Lilliefors Test""]","[""MntWines""]","{""columns"": [""MntWines""], ""methods"": [""Anderson-Darling Test"", ""Shapiro-Wilk Test of Normality"", ""Kolmogorov-Smirnov Test for Normality"", ""Lilliefors Test""]}"
Customer Personality Analysis Dataset,Do household income and the number of teenagers in the customer's household follow a similar distribution curve?,"{""columns"": [""Income"", ""Teenhome""], ""methods"": [""Kolmogorov-Smirnov Test""]}","[""Kolmogorov-Smirnov Test""]","[""Income"", ""Teenhome""]","{""columns"": [""Income"", ""Teenhome""], ""methods"": [""Kolmogorov-Smirnov Test""]}"
Customer Personality Analysis Dataset,What is the likelihood that the number of teenagers in a customer's household follows a normal distribution?,"{""columns"": [""Teenhome""], ""methods"": [""Anderson-Darling Test"", ""Kolmogorov-Smirnov Test for Normality"", ""Lilliefors Test""]}","[""Anderson-Darling Test"", ""Kolmogorov-Smirnov Test for Normality"", ""Lilliefors Test""]","[""Teenhome""]","{""columns"": [""Teenhome""], ""methods"": [""Anderson-Darling Test"", ""Kolmogorov-Smirnov Test for Normality"", ""Lilliefors Test""]}"
Customer Personality Analysis Dataset,What is the degree of peakedness for the variable representing the cost of contact (Z_CostContact)?,"{""columns"": [""Z_CostContact""], ""methods"": [""Kurtosis""]}","[""Kurtosis""]","[""Z_CostContact""]","{""columns"": [""Z_CostContact""], ""methods"": [""Kurtosis""]}"
FIFA Official Dataset 2023,Do the variances of the player's overall skills and abilities and their release clause value in pounds (拢) exhibit statistical similarity?,"{""columns"": [""Overall"", ""Release Clause""], ""methods"": [""Mood Variance Test"", ""Levene Test""]}","[""Mood Variance Test"", ""Levene Test""]","[""Overall"", ""Release Clause""]","{""columns"": [""Overall"", ""Release Clause""], ""methods"": [""Mood Variance Test"", ""Levene Test""]}"
FIFA Official Dataset 2023,Is the variability in players' potential ratings comparable to that of their special abilities?,"{""columns"": [""Potential"", ""Special""], ""methods"": [""Mood Variance Test"", ""Levene Test""]}","[""Levene Test"", ""Mood Variance Test""]","[""Potential"", ""Special""]","{""columns"": [""Potential"", ""Special""], ""methods"": [""Levene Test"", ""Mood Variance Test""]}"
Grades of Students Dataset,What is the most frequently occurring value in the grades scored by candidates in the Physics course-121 (PH-121)?,"{""columns"": [""PH-121""], ""methods"": [""Mode""]}","[""Mode""]","[""PH-121""]","{""columns"": [""PH-121""], ""methods"": [""Mode""]}"
Green House Gas Produce by Different Industry,What is the magnitude of the peak for greenhouse gas emissions in 2015 (F2015)?,"{""columns"": [""F2015""], ""methods"": [""Kurtosis""]}","[""Range""]","[""F2015""]","{""columns"": [""F2015""], ""methods"": [""Range""]}"
Heart Failure Prediction Dataset,Are the observed occurrences of chest pain type and exercise-induced angina frequencies in line with the assumption of independence?,"{""columns"": [""ChestPainType"", ""ExerciseAngina""], ""methods"": [""Chi-square Independence Test""]}","[""Chi-square Independence Test""]","[""ChestPainType"", ""ExerciseAngina""]","{""columns"": [""ChestPainType"", ""ExerciseAngina""], ""methods"": [""Chi-square Independence Test""]}"
Heart Failure Prediction Dataset,"Could you tell me the range of serum cholesterol values, from the smallest to the largest?","{""columns"": [""Cholesterol""], ""methods"": [""Range""]}","[""Range""]","[""Cholesterol""]","{""columns"": [""Cholesterol""], ""methods"": [""Range""]}"
Heart Failure Prediction Dataset,"What is the partial correlation between the oldpeak, representing ST depression measured in numeric values, and serum cholesterol levels, considering the maximum heart rate achieved?","{""columns"": [""Oldpeak"", ""Cholesterol"", ""MaxHR""], ""methods"": [""Partial Correlation Coefficient""]}","[""Range"", ""Partial Correlation Coefficient""]","[""ST_Slope"", ""Cholesterol"", ""Oldpeak""]","{""columns"": [""ST_Slope"", ""Cholesterol"", ""Oldpeak""], ""methods"": [""Range"", ""Partial Correlation Coefficient""]}"
Los Angeles Library Monthly Statistics,Does the fluctuation in the overall distribution of electronic media resources resemble the fluctuation in the attendance numbers at library events for children and teens?,"{""columns"": [""Total eMedia Circulation"", ""# of Attendees at Children's and Teen Programming""], ""methods"": [""Mood Variance Test"", ""Levene Test"", ""Bartlett Test"", ""F-Test for Variance""]}","[""Levene Test"", ""Mood Variance Test""]","[""Total eMedia Circulation"", ""Total Program Attendees""]","{""columns"": [""Total eMedia Circulation"", ""Total Program Attendees""], ""methods"": [""Levene Test"", ""Mood Variance Test""]}"
Monroe County Car Crach Dataset,"How does the standard deviation of the variable ""Hour"" reflect the variability in the timing of crashes throughout the day?","{""columns"": [""Hour""], ""methods"": [""Standard Deviation""]}","[""Standard Deviation""]","[""Hour""]","{""columns"": [""Hour""], ""methods"": [""Standard Deviation""]}"
Obesity or CVD Risk Dataset,How strong is the association between an individual's height and their daily water consumption (CH2O)?,"{""columns"": [""Height"", ""CH2O""], ""methods"": [""Pearson Correlation Coefficient"", ""Spearman Correlation Coefficient"", ""Kendall Correlation Coefficient""]}","[""Pearson Correlation Coefficient""]","[""CH2O"", ""Height""]","{""columns"": [""CH2O"", ""Height""], ""methods"": [""Pearson Correlation Coefficient""]}"
Obesity or CVD Risk Dataset,"Do the observed frequency of food consumption between meals (CAEC) correspond to the variations in NObeyesdad categories, including underweight (less than 18.5), normal (18.5 to 24.9), overweight (25.0 to 29.9), obesity I (30.0 to 34.9), obesity II (35.0 to 39.9), and obesity III (higher than 40)?","{""columns"": [""CAEC"", ""NObeyesdad""], ""methods"": [""Chi-square Independence Test""]}","[""Chi-square Independence Test""]","[""CAEC"", ""family_history_with_overweight""]","{""columns"": [""CAEC"", ""family_history_with_overweight""], ""methods"": [""Chi-square Independence Test""]}"
Pokedex Dataset,How does the interaction between Base Special Attack (Sp_Atk) and the probability of a Pokemon being male (Pr_Male) change when considering Base Attack?,"{""columns"": [""Sp_Atk"", ""Pr_Male"", ""Attack""], ""methods"": [""Partial Correlation Coefficient""]}","[""Mantel-Haenszel Test""]","[""Sp_Atk"", ""Pr_Male"", ""Attack""]","{""columns"": [""Sp_Atk"", ""Pr_Male"", ""Attack""], ""methods"": [""Mantel-Haenszel Test""]}"
Rainfall Dataset of Barak Velly,Do the levels of variability in rainfall measurements for July resemble those in August?,"{""columns"": [""JUL"", ""AUG""], ""methods"": [""Mood Variance Test"", ""Levene Test"", ""Bartlett Test"", ""F-Test for Variance""]}","[""Levene Test"", ""Mood Variance Test""]","[""JUL"", ""AUG""]","{""columns"": [""JUL"", ""AUG""], ""methods"": [""Levene Test"", ""Mood Variance Test""]}"
Real Estate Valuation Dataset,Is there evidence to suggest that the distribution of house age (X2) is not normal?,"{""columns"": [""X2 house age""], ""methods"": [""Anderson-Darling Test"", ""Kolmogorov-Smirnov Test for Normality"", ""Lilliefors Test""]}","[""Kolmogorov-Smirnov Test for Normality"", ""Anderson-Darling Test"", ""Lilliefors Test""]","[""X2 house age""]","{""columns"": [""X2 house age""], ""methods"": [""Kolmogorov-Smirnov Test for Normality"", ""Anderson-Darling Test"", ""Lilliefors Test""]}"
Stroke Prediction Dataset,Can the Kolmogorov-Smirnov test detect any differences between the distributions of average glucose levels in the blood and body mass index?,"{""columns"": [""avg_glucose_level"", ""bmi""], ""methods"": [""Kolmogorov-Smirnov Test""]}","[""Kolmogorov-Smirnov Test""]","[""avg_glucose_level"", ""bmi""]","{""columns"": [""avg_glucose_level"", ""bmi""], ""methods"": [""Kolmogorov-Smirnov Test""]}"
Student Performance Prediction Dataset,How does the relationship between family educational support (famsup) and nursery attendance change when considering the different gender segments?,"{""columns"": [""famsup"", ""nursery"", ""sex""], ""methods"": [""Mantel-Haenszel Test""]}","[""Mantel-Haenszel Test""]","[""famsup"", ""nursery"", ""sex""]","{""columns"": [""famsup"", ""nursery"", ""sex""], ""methods"": [""Mantel-Haenszel Test""]}"
Student Performance Prediction Dataset,How is the relationship between the second period grade (G2) and weekend alcohol consumption (Walc) influenced by the level of going out with friends (goout)?,"{""columns"": [""G2"", ""Walc"", ""goout""], ""methods"": [""Partial Correlation Coefficient""]}","[""Mantel-Haenszel Test""]","[""goout"", ""Walc"", ""G2""]","{""columns"": [""goout"", ""Walc"", ""G2""], ""methods"": [""Mantel-Haenszel Test""]}"
Student Performance Prediction Dataset,How does the influence of family size on the desire for higher education vary across different gender groups?,"{""columns"": [""famsize"", ""higher"", ""sex""], ""methods"": [""Mantel-Haenszel Test""]}","[""Mantel-Haenszel Test""]","[""sex"", ""famsize"", ""higher""]","{""columns"": [""sex"", ""famsize"", ""higher""], ""methods"": [""Mantel-Haenszel Test""]}"
Student Performance Prediction Dataset,Is the variability in free time after school similar to that in weekend alcohol consumption?,"{""columns"": [""freetime"", ""Walc""], ""methods"": [""Mood Variance Test"", ""Levene Test""]}","[""Levene Test"", ""Mood Variance Test""]","[""freetime"", ""paid""]","{""columns"": [""freetime"", ""paid""], ""methods"": [""Levene Test"", ""Mood Variance Test""]}"
Student Performance Prediction Dataset,Is there a similarity in the variability of free time after school and current health status?,"{""columns"": [""freetime"", ""health""], ""methods"": [""Mood Variance Test"", ""Levene Test""]}","[""Mood Variance Test"", ""Levene Test""]","[""freetime"", ""health""]","{""columns"": [""freetime"", ""health""], ""methods"": [""Mood Variance Test"", ""Levene Test""]}"
Student Performance Prediction Dataset,Is there a statistically significant difference in the relationship between receiving paid extra classes within the course subject and having internet access at home when stratified by the availability of extra educational support?,"{""columns"": [""paid"", ""internet"", ""schoolsup""], ""methods"": [""Mantel-Haenszel Test""]}","[""Mantel-Haenszel Test""]","[""famsup"", ""internet"", ""paid""]","{""columns"": [""famsup"", ""internet"", ""paid""], ""methods"": [""Mantel-Haenszel Test""]}"
Student Performance Prediction Dataset,What is the range of values for the variable representing the education level of the father (Fedu)?,"{""columns"": [""Fedu""], ""methods"": [""Range""]}","[""Range""]","[""Fedu""]","{""columns"": [""Fedu""], ""methods"": [""Range""]}"
Terrorist Attacks Dataset,"What is the range of variation for the age at death, specifically for individuals aged between 51 and 99?","{""columns"": [""Death Age: 51-99 ""], ""methods"": [""Range""]}","[""Range""]","[""Death Age: 51-99 ""]","{""columns"": [""Death Age: 51-99 ""], ""methods"": [""Range""]}"
US Christmas Tree Sales Dataset,How strong is the link between the average cost of Christmas trees and the overall income derived from the sales of these trees during the festive season?,"{""columns"": [""Average Tree Price"", ""Sales""], ""methods"": [""Kendall Correlation Coefficient""]}","[""Pearson Correlation Coefficient""]","[""Average Tree Price"", ""Sales""]","{""columns"": [""Average Tree Price"", ""Sales""], ""methods"": [""Pearson Correlation Coefficient""]}"
US Christmas Tree Sales Dataset,Do the values in the Average Tree Price column exhibit characteristics of a normal distribution?,"{""columns"": [""Average Tree Price""], ""methods"": [""Anderson-Darling Test"", ""Shapiro-Wilk Test of Normality"", ""Kolmogorov-Smirnov Test for Normality""]}","[""Shapiro-Wilk Test of Normality""]","[""Average Tree Price""]","{""columns"": [""Average Tree Price""], ""methods"": [""Shapiro-Wilk Test of Normality""]}"
US Christmas Tree Sales Dataset,What method is used to evaluate the relationship between fluctuations in the quantity of trees sold and variations in sales revenue?,"{""columns"": [""Number of trees sold"", ""Sales""], ""methods"": [""Kendall Correlation Coefficient""]}","[""Pearson Correlation Coefficient"", ""Spearman Correlation Coefficient"", ""Kendall Correlation Coefficient""]","[""Number of trees sold"", ""Sales""]","{""columns"": [""Number of trees sold"", ""Sales""], ""methods"": [""Pearson Correlation Coefficient"", ""Spearman Correlation Coefficient"", ""Kendall Correlation Coefficient""]}"
US Christmas Tree Sales Dataset,Does a significant correlation exist between the typical cost of Christmas trees and the overall income derived from their sales during the holiday season?,"{""columns"": [""Average Tree Price"", ""Sales""], ""methods"": [""Kendall Correlation Coefficient""]}","[""Pearson Correlation Coefficient"", ""Kendall Correlation Coefficient"", ""Spearman Correlation Coefficient""]","[""Average Tree Price"", ""Sales""]","{""columns"": [""Average Tree Price"", ""Sales""], ""methods"": [""Pearson Correlation Coefficient"", ""Kendall Correlation Coefficient"", ""Spearman Correlation Coefficient""]}"
University Rank Dataset,Do the fluctuations in the Research Quality Score compare to those in the Teaching Score?,"{""columns"": [""Research Quality Score"", ""Teaching Score""], ""methods"": [""Mood Variance Test"", ""Levene Test""]}","[""Pearson Correlation Coefficient"", ""Spearman Correlation Coefficient"", ""Kendall Correlation Coefficient""]","[""Research Quality Score"", ""Teaching Score""]","{""columns"": [""Research Quality Score"", ""Teaching Score""], ""methods"": [""Pearson Correlation Coefficient"", ""Spearman Correlation Coefficient"", ""Kendall Correlation Coefficient""]}"
Used Car Dataset,"Is the torque generated by the car's engine, measured in Newton-meters (Nm), following an Exponential distribution? Is the Exponential distribution a suitable model for the torque data?","{""columns"": [""torque(Nm)""], ""methods"": [""Kolmogorov-Smirnov Test for Exponential distribution""]}","[""Kolmogorov-Smirnov Test for Exponential distribution""]","[""torque(Nm)""]","{""columns"": [""torque(Nm)""], ""methods"": [""Kolmogorov-Smirnov Test for Exponential distribution""]}"
Used Car Dataset,To what extent do the patterns of variance in mileage (in kilometers per liter) and max power (in brake horsepower) align?,"{""columns"": [""mileage(kmpl)"", ""max_power(bhp)""], ""methods"": [""Mood Variance Test"", ""Levene Test""]}","[""Mood Variance Test"", ""Levene Test""]","[""mileage(kmpl)"", ""max_power(bhp)""]","{""columns"": [""mileage(kmpl)"", ""max_power(bhp)""], ""methods"": [""Mood Variance Test"", ""Levene Test""]}"
Video Games Sales Dataset,"Is the distribution of units sold in the rest of the world, excluding North America, Europe, and Japan, in millions, close enough to a normal distribution for practical purposes?","{""columns"": [""Rest of World""], ""methods"": [""Anderson-Darling Test"", ""Kolmogorov-Smirnov Test for Normality"", ""Lilliefors Test""]}","[""Anderson-Darling Test"", ""Kolmogorov-Smirnov Test for Normality"", ""Lilliefors Test""]","[""Rest of World""]","{""columns"": [""Rest of World""], ""methods"": [""Anderson-Darling Test"", ""Kolmogorov-Smirnov Test for Normality"", ""Lilliefors Test""]}"
Crop Production Dataset,Is it safe to presume that there are no significant variations in the annual crop production variances between Nigeria and Vietnam?,"{""columns"": [""Nigeria"", ""Vietnam""], ""methods"": [""Mood Variance Test"", ""Levene Test"", ""Bartlett Test"", ""F-Test for Variance""]}","[""Mood Variance Test"", ""Levene Test""]","[""Nigeria"", ""Vietnam""]","{""columns"": [""Nigeria"", ""Vietnam""], ""methods"": [""Mood Variance Test"", ""Levene Test""]}"
Crop Production Dataset,How can I visually assess whether the annual crop production in Thailand follows a normal distribution?,"{""columns"": [""Thailand""], ""methods"": [""Anderson-Darling Test"", ""Shapiro-Wilk Test of Normality"", ""Kolmogorov-Smirnov Test for Normality""]}","[""Anderson-Darling Test"", ""Shapiro-Wilk Test of Normality""]","[""Thailand""]","{""columns"": [""Thailand""], ""methods"": [""Anderson-Darling Test"", ""Shapiro-Wilk Test of Normality""]}"
Crop Production Dataset,Do Nigeria and Bangladesh have comparable levels of dispersion in crop production?,"{""columns"": [""Nigeria"", ""Bangladesh""], ""methods"": [""Mood Variance Test"", ""Levene Test"", ""Bartlett Test"", ""F-Test for Variance""]}","[""Kolmogorov-Smirnov Test""]","[""Bangladesh"", ""Nigeria""]","{""columns"": [""Bangladesh"", ""Nigeria""], ""methods"": [""Kolmogorov-Smirnov Test""]}"
Customer Personality Analysis Dataset,Could you compute the standard deviation for the number of purchases made directly in stores?,"{""columns"": [""NumStorePurchases""], ""methods"": [""Standard Deviation""]}","[""Standard Deviation""]","[""NumStorePurchases""]","{""columns"": [""NumStorePurchases""], ""methods"": [""Standard Deviation""]}"
Customer Personality Analysis Dataset,"Controlling for MntWines, what is the correlation strength between NumWebPurchases and MntMeatProducts?","{""columns"": [""NumWebPurchases"", ""MntMeatProducts"", ""MntWines""], ""methods"": [""Partial Correlation Coefficient""]}","[""Pearson Correlation Coefficient"", ""Spearman Correlation Coefficient"", ""Kendall Correlation Coefficient""]","[""NumWebPurchases"", ""MntMeatProducts""]","{""columns"": [""NumWebPurchases"", ""MntMeatProducts""], ""methods"": [""Pearson Correlation Coefficient"", ""Spearman Correlation Coefficient"", ""Kendall Correlation Coefficient""]}"
Customer Personality Analysis Dataset,"What is the partial correlation between the number of store purchases (NumStorePurchases) and the number of children in a customer's household (Kidhome), taking into account the amount spent on gold products in the last 2 years (MntGoldProds)?","{""columns"": [""NumStorePurchases"", ""Kidhome"", ""MntGoldProds""], ""methods"": [""Partial Correlation Coefficient""]}","[""Partial Correlation Coefficient""]","[""NumStorePurchases"", ""Kidhome"", ""MntGoldProds""]","{""columns"": [""NumStorePurchases"", ""Kidhome"", ""MntGoldProds""], ""methods"": [""Partial Correlation Coefficient""]}"
Customer Personality Analysis Dataset,What is the relationship between the amount spent on fish products in the last 2 years (MntFishProducts) and the number of store purchases (NumStorePurchases) when controlling for the customer's yearly household income?,"{""columns"": [""MntFishProducts"", ""NumStorePurchases"", ""Income""], ""methods"": [""Partial Correlation Coefficient""]}","[""Partial Correlation Coefficient""]","[""MntFishProducts"", ""NumStorePurchases"", ""Income""]","{""columns"": [""MntFishProducts"", ""NumStorePurchases"", ""Income""], ""methods"": [""Partial Correlation Coefficient""]}"
Customer Personality Analysis Dataset,Do the income and Z_CostContact variables follow a similar distribution curve?,"{""columns"": [""Income"", ""Z_CostContact""], ""methods"": [""Kolmogorov-Smirnov Test""]}","[""Kolmogorov-Smirnov Test""]","[""Income"", ""Z_CostContact""]","{""columns"": [""Income"", ""Z_CostContact""], ""methods"": [""Kolmogorov-Smirnov Test""]}"
Customer Personality Analysis Dataset,Can the Kolmogorov-Smirnov test detect any differences between the distributions of the amount spent on sweets in the last 2 years and the number of purchases made with a discount?,"{""columns"": [""MntSweetProducts"", ""NumDealsPurchases""], ""methods"": [""Kolmogorov-Smirnov Test""]}","[""Kolmogorov-Smirnov Test""]","[""MntSweetProducts"", ""NumDealsPurchases""]","{""columns"": [""MntSweetProducts"", ""NumDealsPurchases""], ""methods"": [""Kolmogorov-Smirnov Test""]}"
Dataset for Admission in the University,"How does the variability in the Strength of the applicant's Statement of Purpose (SOP) manifest itself, as indicated by the standard deviation?","{""columns"": [""SOP""], ""methods"": [""Standard Deviation""]}","[""Standard Deviation""]","[""SOP""]","{""columns"": [""SOP""], ""methods"": [""Standard Deviation""]}"
FIFA Official Dataset 2023,Is there a strong relationship between the age of the player at the time of data collection and their weight in pounds?,"{""columns"": [""Age"", ""Weight""], ""methods"": [""Pearson Correlation Coefficient"", ""Spearman Correlation Coefficient"", ""Kendall Correlation Coefficient""]}","[""Pearson Correlation Coefficient"", ""Spearman Correlation Coefficient"", ""Kendall Correlation Coefficient""]","[""Weight"", ""Age""]","{""columns"": [""Weight"", ""Age""], ""methods"": [""Pearson Correlation Coefficient"", ""Spearman Correlation Coefficient"", ""Kendall Correlation Coefficient""]}"
FIFA Official Dataset 2023,To what extent do the special abilities and height of the player exhibit a linear relationship?,"{""columns"": [""Special"", ""Height""], ""methods"": [""Pearson Correlation Coefficient"", ""Spearman Correlation Coefficient"", ""Kendall Correlation Coefficient""]}","[""Pearson Correlation Coefficient"", ""Spearman Correlation Coefficient"", ""Kendall Correlation Coefficient""]","[""Height"", ""Special""]","{""columns"": [""Height"", ""Special""], ""methods"": [""Pearson Correlation Coefficient"", ""Spearman Correlation Coefficient"", ""Kendall Correlation Coefficient""]}"
FIFA Official Dataset 2023,"Is the estimated market value of the player, denoted as ""Value,"" distributed normally?","{""columns"": [""Value""], ""methods"": [""Anderson-Darling Test"", ""Kolmogorov-Smirnov Test for Normality"", ""Lilliefors Test""]}","[""Anderson-Darling Test"", ""Lilliefors Test"", ""Kolmogorov-Smirnov Test for Normality""]","[""Value""]","{""columns"": [""Value""], ""methods"": [""Anderson-Darling Test"", ""Lilliefors Test"", ""Kolmogorov-Smirnov Test for Normality""]}"
FIFA Official Dataset 2023,Is the variability in players' potential ratings similar to that in their special abilities?,"{""columns"": [""Potential"", ""Special""], ""methods"": [""Mood Variance Test"", ""Levene Test""]}","[""Mood Variance Test"", ""Levene Test""]","[""Special"", ""Potential""]","{""columns"": [""Special"", ""Potential""], ""methods"": [""Mood Variance Test"", ""Levene Test""]}"
FIFA Official Dataset 2023,Is the variability in player weight comparable to that of the release clause value?,"{""columns"": [""Weight"", ""Release Clause""], ""methods"": [""Mood Variance Test"", ""Levene Test""]}","[""Levene Test"", ""Mood Variance Test""]","[""Weight"", ""Release Clause""]","{""columns"": [""Weight"", ""Release Clause""], ""methods"": [""Levene Test"", ""Mood Variance Test""]}"
Green House Gas Produce by Different Industry,What is the median value of the greenhouse gas emissions for 2019 (F2019)?,"{""columns"": [""F2019""], ""methods"": [""Median""]}","[""Median""]","[""F2019""]","{""columns"": [""F2019""], ""methods"": [""Median""]}"
Green House Gas Produce by Different Industry,What is the average level of greenhouse gas emissions for the year 2019?,"{""columns"": [""F2019""], ""methods"": [""Mean""]}","[""Mean""]","[""F2019""]","{""columns"": [""F2019""], ""methods"": [""Mean""]}"
Heart Failure Prediction Dataset,Can the distribution of ST segment slope be affected by particular categories of fasting blood sugar?,"{""columns"": [""FastingBS"", ""ST_Slope""], ""methods"": [""Chi-square Independence Test""]}","[""Kolmogorov-Smirnov Test""]","[""ST_Slope"", ""FastingBS""]","{""columns"": [""ST_Slope"", ""FastingBS""], ""methods"": [""Kolmogorov-Smirnov Test""]}"
Heart Failure Prediction Dataset,"How similar are the distributions of age and oldpeak, measured in depression, in the patient population?","{""columns"": [""Age"", ""Oldpeak""], ""methods"": [""Kolmogorov-Smirnov Test""]}","[""Kolmogorov-Smirnov Test""]","[""Age"", ""Oldpeak""]","{""columns"": [""Age"", ""Oldpeak""], ""methods"": [""Kolmogorov-Smirnov Test""]}"
Heart Failure Prediction Dataset,"Is there a clear relationship between the RestingECG classifications (Normal, ST, LVH) and the presence of Heart Disease?","{""columns"": [""RestingECG"", ""HeartDisease""], ""methods"": [""Chi-square Independence Test""]}","[""Pearson Correlation Coefficient"", ""Spearman Correlation Coefficient"", ""Kendall Correlation Coefficient""]","[""RestingECG"", ""HeartDisease""]","{""columns"": [""RestingECG"", ""HeartDisease""], ""methods"": [""Pearson Correlation Coefficient"", ""Spearman Correlation Coefficient"", ""Kendall Correlation Coefficient""]}"
Housing Price Dataset,What is the average price?,"{""columns"": [""Price""], ""methods"": [""Mean""]}","[""Mean""]","[""Price""]","{""columns"": [""Price""], ""methods"": [""Mean""]}"
Income and Happiness Score Dataset,How much variability is observed in the adjusted self-reported happiness scores?,"{""columns"": [""adjusted_satisfaction""], ""methods"": [""Range""]}","[""Standard Deviation""]","[""happyScore""]","{""columns"": [""happyScore""], ""methods"": [""Standard Deviation""]}"
Income and Happiness Score Dataset,Could you compute the standard deviation of Gross Domestic Product (GDP)?,"{""columns"": [""GDP""], ""methods"": [""Standard Deviation""]}","[""Standard Deviation""]","[""GDP""]","{""columns"": [""GDP""], ""methods"": [""Standard Deviation""]}"
Los Angeles Library Monthly Statistics,Can we determine if the number of new library cardholders follows an Exponential distribution?,"{""columns"": [""New Cardholders""], ""methods"": [""Kolmogorov-Smirnov Test for Exponential distribution""]}","[""Kolmogorov-Smirnov Test for Exponential distribution""]","[""New Cardholders""]","{""columns"": [""New Cardholders""], ""methods"": [""Kolmogorov-Smirnov Test for Exponential distribution""]}"
Lung Cancer Survey Dataset,Is there a significant variation in the impact of WHEEZING on SHORTNESS OF BREATH when considering the presence of ANXIETY symptoms?,"{""columns"": [""WHEEZING"", ""SHORTNESS OF BREATH"", ""ANXIETY""], ""methods"": [""Mantel-Haenszel Test""]}","[""Levene Test"", ""Mood Variance Test""]","[""WHEEZING"", ""ANXIETY""]","{""columns"": [""WHEEZING"", ""ANXIETY""], ""methods"": [""Levene Test"", ""Mood Variance Test""]}"
Rainfall Dataset of Barak Velly,"How much variation is there in the rainfall measurements for August, as indicated by the standard deviation?","{""columns"": [""AUG""], ""methods"": [""Standard Deviation""]}","[""Standard Deviation""]","[""AUG""]","{""columns"": [""AUG""], ""methods"": [""Standard Deviation""]}"
Student Information and Grades Dataset,Can gender influence how students perform academically overall?,"{""columns"": [""Sex"", ""Grade""], ""methods"": [""Chi-square Independence Test""]}","[""Chi-square Independence Test""]","[""Sex"", ""Grade""]","{""columns"": [""Sex"", ""Grade""], ""methods"": [""Chi-square Independence Test""]}"
Student Performance Prediction Dataset,Are the observed frequencies of choosing this school for the reasons and having internet access at home in line with the assumption of independence?,"{""columns"": [""reason"", ""internet""], ""methods"": [""Chi-square Independence Test""]}","[""Pearson Correlation Coefficient"", ""Spearman Correlation Coefficient"", ""Kendall Correlation Coefficient""]","[""school"", ""internet""]","{""columns"": [""school"", ""internet""], ""methods"": [""Pearson Correlation Coefficient"", ""Spearman Correlation Coefficient"", ""Kendall Correlation Coefficient""]}"
Student Performance Prediction Dataset,Do the distributions of family relationship quality (rated on a numeric scale from 1 - very bad to 5 - excellent) and current health status (rated on a numeric scale from 1 - very bad to 5 - very good) exhibit close alignment?,"{""columns"": [""famrel"", ""health""], ""methods"": [""Kolmogorov-Smirnov Test""]}","[""Kolmogorov-Smirnov Test""]","[""health"", ""famrel""]","{""columns"": [""health"", ""famrel""], ""methods"": [""Kolmogorov-Smirnov Test""]}"
Student Performance Prediction Dataset,Is there a correlation between different types of guardians and the probability of pursuing higher education?,"{""columns"": [""guardian"", ""higher""], ""methods"": [""Chi-square Independence Test""]}","[""Pearson Correlation Coefficient"", ""Spearman Correlation Coefficient"", ""Kendall Correlation Coefficient""]","[""higher"", ""guardian""]","{""columns"": [""higher"", ""guardian""], ""methods"": [""Pearson Correlation Coefficient"", ""Spearman Correlation Coefficient"", ""Kendall Correlation Coefficient""]}"
Student Performance Prediction Dataset,Is there a relationship between the levels of mother's education and the first period grades (G1)?,"{""columns"": [""Medu"", ""G1""], ""methods"": [""Pearson Correlation Coefficient"", ""Spearman Correlation Coefficient"", ""Kendall Correlation Coefficient""]}","[""Pearson Correlation Coefficient"", ""Spearman Correlation Coefficient"", ""Kendall Correlation Coefficient""]","[""Medu"", ""G1""]","{""columns"": [""Medu"", ""G1""], ""methods"": [""Pearson Correlation Coefficient"", ""Spearman Correlation Coefficient"", ""Kendall Correlation Coefficient""]}"
Student Performance Prediction Dataset,Do the reasons for selecting this school stem from factors other than the aspiration for further education?,"{""columns"": [""reason"", ""higher""], ""methods"": [""Chi-square Independence Test""]}","[""Pearson Correlation Coefficient"", ""Spearman Correlation Coefficient"", ""Kendall Correlation Coefficient""]","[""reason"", ""higher""]","{""columns"": [""reason"", ""higher""], ""methods"": [""Pearson Correlation Coefficient"", ""Spearman Correlation Coefficient"", ""Kendall Correlation Coefficient""]}"
Student Performance Prediction Dataset,Is there a significant variation in the impact of taking paid extra classes on participation in extracurricular activities when considering the student's school?,"{""columns"": [""paid"", ""activities"", ""school""], ""methods"": [""Mantel-Haenszel Test""]}","[""Partial Correlation Coefficient""]","[""school"", ""activities"", ""paid""]","{""columns"": [""school"", ""activities"", ""paid""], ""methods"": [""Partial Correlation Coefficient""]}"
Student Performance Prediction Dataset,Is there a relationship between the provision of family educational support (famsup) and participation in extra-curricular activities?,"{""columns"": [""famsup"", ""activities""], ""methods"": [""Chi-square Independence Test"", ""Fisher Exact Test""]}","[""Pearson Correlation Coefficient"", ""Spearman Correlation Coefficient"", ""Kendall Correlation Coefficient""]","[""famsup"", ""activities""]","{""columns"": [""famsup"", ""activities""], ""methods"": [""Pearson Correlation Coefficient"", ""Spearman Correlation Coefficient"", ""Kendall Correlation Coefficient""]}"
Student Performance Prediction Dataset,Is there evidence in the data to indicate a relationship between gender and romantic involvement?,"{""columns"": [""sex"", ""romantic""], ""methods"": [""Chi-square Independence Test"", ""Fisher Exact Test""]}","[""Pearson Correlation Coefficient"", ""Spearman Correlation Coefficient"", ""Kendall Correlation Coefficient""]","[""sex"", ""romantic""]","{""columns"": [""sex"", ""romantic""], ""methods"": [""Pearson Correlation Coefficient"", ""Spearman Correlation Coefficient"", ""Kendall Correlation Coefficient""]}"
Terrorist Attacks Dataset,What is the average age at death for individuals aged between 1 and 5?,"{""columns"": [""Death Age :  1-5""], ""methods"": [""Mean""]}","[""Mean""]","[""Death Age :  1-5""]","{""columns"": [""Death Age :  1-5""], ""methods"": [""Mean""]}"
Terrorist Attacks Dataset,"After accounting for the effect of the assassination attack method, what is the remaining relationship between the terrorist death type of suicide and the bombing/explosion attack method?","{""columns"": [""Terrorist Death Type : Suicide"", ""Attack method: Bombing/Explosion"", ""Attack method: Assassination""], ""methods"": [""Partial Correlation Coefficient""]}","[""Partial Correlation Coefficient""]","[""Terrorist Death Type : Suicide"", ""Attack method: Bombing/Explosion"", ""Attack method: Assassination""]","{""columns"": [""Terrorist Death Type : Suicide"", ""Attack method: Bombing/Explosion"", ""Attack method: Assassination""], ""methods"": [""Partial Correlation Coefficient""]}"
US Christmas Tree Sales Dataset,Is the distribution of the average price of Christmas trees normal?,"{""columns"": [""Average Tree Price""], ""methods"": [""Anderson-Darling Test"", ""Shapiro-Wilk Test of Normality"", ""Kolmogorov-Smirnov Test for Normality""]}","[""Anderson-Darling Test"", ""Shapiro-Wilk Test of Normality"", ""Kolmogorov-Smirnov Test""]","[""Average Tree Price""]","{""columns"": [""Average Tree Price""], ""methods"": [""Anderson-Darling Test"", ""Shapiro-Wilk Test of Normality"", ""Kolmogorov-Smirnov Test""]}"
US Christmas Tree Sales Dataset,How can I visually assess whether the distribution of the total count or quantity of Christmas trees sold in a given year follows a normal distribution?,"{""columns"": [""Number of trees sold""], ""methods"": [""Anderson-Darling Test"", ""Shapiro-Wilk Test of Normality"", ""Kolmogorov-Smirnov Test for Normality""]}","[""Anderson-Darling Test"", ""Shapiro-Wilk Test of Normality"", ""Kolmogorov-Smirnov Test""]","[""Number of trees sold""]","{""columns"": [""Number of trees sold""], ""methods"": [""Anderson-Darling Test"", ""Shapiro-Wilk Test of Normality"", ""Kolmogorov-Smirnov Test""]}"
Video Games Sales Dataset,How does the review score correlate with the number of units sold in North America when the rank of the video game based on global sales volume is held constant?,"{""columns"": [""Review"", ""North America"", ""Rank""], ""methods"": [""Partial Correlation Coefficient""]}","[""Partial Correlation Coefficient""]","[""Review"", ""North America"", ""Rank""]","{""columns"": [""Review"", ""North America"", ""Rank""], ""methods"": [""Partial Correlation Coefficient""]}"
