rownames,school,birthyear,gender,kids,parity,income,size,state,marital,meducation,memployment,year
1,Gymnasium,1981,female,2,2,35160.113491451244,4,Berlin,married,14.5,none,1995
2,Gymnasium,1981,female,2,2,65748.34526919291,3,Berlin,married,10.5,parttime,1995
3,Gymnasium,1980,female,3,3,120962.3564608041,3,Berlin,married,12,parttime,1994
4,Gymnasium,1984,female,1,1,60100.57230022916,3,Berlin,married,10.5,parttime,1998
5,Realschule,1982,male,4,4,34828.95184346296,4,Berlin,divorced,10,fulltime,1996
6,Realschule,1980,female,3,1,42584.08855062754,5,Berlin,married,15,parttime,1994
7,Gymnasium,1986,female,3,3,38820.68743201684,3,Berlin,separated,15,parttime,2000
8,Gymnasium,1986,male,1,1,77827.18976070207,3,Berlin,married,13,parttime,2000
9,Gymnasium,1981,female,4,4,50208.006584747985,5,Berlin,divorced,15,none,1995
10,Hauptschule,1983,female,2,2,94931.4942330559,4,Berlin,married,9,parttime,1997
11,Gymnasium,1982,female,2,1,19896.00867880927,4,Berlin,married,9,none,1996
12,Hauptschule,1983,male,2,1,28011.990133882136,4,Berlin,widowed,9,none,1997
13,Gymnasium,1988,male,5,3,87960.20189671409,7,Bayern,married,12,none,2002
14,Realschule,1987,male,5,2,66864.02859545343,7,Bayern,married,12,none,2001
15,Gymnasium,1985,female,5,1,67516.97681700064,7,Bayern,married,12,none,1999
16,Gymnasium,1980,female,2,2,62908.919993667725,4,Berlin,married,10,fulltime,1994
17,Gymnasium,1981,male,1,1,40466.99711771051,3,Schleswig-Holstein,married,10.5,fulltime,1995
18,Gymnasium,1981,female,2,2,87104.7316404867,4,Schleswig-Holstein,married,12,parttime,1995
19,Gymnasium,1988,female,4,1,65580.70473769293,6,Schleswig-Holstein,married,15,parttime,2002
20,Gymnasium,1988,female,4,3,81431.93311263771,4,Schleswig-Holstein,married,10,parttime,2002
21,Hauptschule,1988,male,3,2,83188.39583299517,5,Schleswig-Holstein,married,11.5,parttime,2002
22,Hauptschule,1988,male,3,3,83188.39583299517,5,Schleswig-Holstein,married,11.5,parttime,2002
23,Realschule,1988,male,3,1,83188.39583299517,5,Schleswig-Holstein,married,11.5,parttime,2002
24,Hauptschule,1981,female,3,1,57593.96446247186,5,Schleswig-Holstein,married,11.5,fulltime,1995
25,Hauptschule,1986,male,3,3,59304.60725616786,5,Schleswig-Holstein,married,12,parttime,2000
26,Realschule,1988,female,2,2,75303.46475982224,4,Schleswig-Holstein,married,11,none,2002
27,Gymnasium,1987,male,2,1,71299.96716868703,4,Schleswig-Holstein,married,11,none,2001
28,Gymnasium,1984,female,4,4,68075.01355513874,5,Schleswig-Holstein,married,10.5,parttime,1998
29,Realschule,1982,male,4,3,64834.16210500015,5,Schleswig-Holstein,married,10.5,none,1996
30,Gymnasium,1980,female,2,2,95461.95939293159,4,Schleswig-Holstein,married,11.5,parttime,1994
31,Hauptschule,1983,female,4,2,258341.359053022,6,Schleswig-Holstein,married,7,none,1997
32,Realschule,1981,female,4,1,39914.989834741566,6,Schleswig-Holstein,married,7,none,1995
33,Realschule,1987,female,4,3,52260.3215027026,5,Schleswig-Holstein,married,7,none,2001
34,Realschule,1987,female,2,1,29871.377562606885,4,Schleswig-Holstein,married,10.5,parttime,2001
35,Realschule,1983,female,2,2,57011.09444696682,4,Schleswig-Holstein,married,9,none,1997
36,Realschule,1985,female,2,1,43535.60968067364,4,Schleswig-Holstein,married,10.5,none,1999
37,Hauptschule,1984,female,3,1,49554.06753301621,5,Schleswig-Holstein,married,10.5,none,1998
38,Hauptschule,1980,male,3,3,52065.96157246917,4,Schleswig-Holstein,married,11.5,parttime,1994
39,Hauptschule,1985,female,3,3,64829.215839669574,4,Schleswig-Holstein,married,12,fulltime,1999
40,Realschule,1986,female,3,1,53484.233119182616,5,Mecklenburg-Vorpommern,married,11.5,fulltime,2000
41,Hauptschule,1988,female,3,2,53049.748592727046,5,Mecklenburg-Vorpommern,married,11.5,fulltime,2002
42,Hauptschule,1985,male,1,1,50839.00254049491,3,Schleswig-Holstein,married,10.5,parttime,1999
43,Gymnasium,1981,male,2,2,51484.01653786856,3,Schleswig-Holstein,separated,10.5,parttime,1995
44,Gymnasium,1982,female,3,2,59052.55957054113,5,Schleswig-Holstein,married,12,none,1996
45,Gymnasium,1980,female,3,1,62880.00923144404,5,Schleswig-Holstein,married,12,none,1994
46,Gymnasium,1983,female,6,1,104141.01041632649,8,Nordrhein-Westfalen,married,9,none,1997
47,Gymnasium,1984,female,6,2,101191.9564939483,8,Nordrhein-Westfalen,married,9,none,1998
48,Realschule,1980,male,3,1,36848.07996222887,3,Hamburg,single,15,parttime,1994
49,Hauptschule,1986,female,2,2,3148.1408053152563,2,Hamburg,separated,9,none,2000
50,Hauptschule,1982,female,2,1,65342.97431952724,4,Hamburg,married,9,none,1996
51,Hauptschule,1985,male,1,1,116897.75993529252,3,Niedersachsen,married,11.5,fulltime,1999
52,Hauptschule,1981,female,2,2,64646.654016091896,4,Hamburg,married,10.5,fulltime,1995
53,Realschule,1983,female,2,1,81676.46112362212,4,Schleswig-Holstein,married,10.5,none,1997
54,Realschule,1985,female,2,2,86120.56018119678,4,Schleswig-Holstein,married,10.5,none,1999
55,Gymnasium,1987,female,2,1,79437.00623310961,4,Niedersachsen,married,12,none,2001
56,Hauptschule,1988,male,1,1,67575.01642424961,3,Niedersachsen,married,9,fulltime,2002
57,Hauptschule,1980,male,2,2,68578.18702367446,4,Niedersachsen,married,11.5,parttime,1994
58,Realschule,1983,female,2,2,73933.85017925996,4,Niedersachsen,married,10.5,parttime,1997
59,Hauptschule,1980,female,2,1,60686.95236611675,4,Niedersachsen,married,10.5,parttime,1994
60,Realschule,1986,female,1,1,76634.98737854582,3,Niedersachsen,married,9,none,2000
61,Realschule,1982,male,2,1,59684.86808080112,4,Niedersachsen,married,11.5,none,1996
62,Realschule,1985,male,2,2,65546.19028934423,4,Niedersachsen,married,11.5,none,1999
63,Realschule,1983,male,1,1,61663.976180584556,3,Niedersachsen,married,9,none,1997
64,Realschule,1981,female,2,1,103631.37686722746,4,Niedersachsen,married,11.5,none,1995
65,Gymnasium,1982,female,2,2,101866.63676085141,4,Niedersachsen,married,11.5,parttime,1996
66,Gymnasium,1980,female,2,1,86824.98823644535,4,Niedersachsen,married,11.5,parttime,1994
67,Gymnasium,1984,male,2,2,80931.79465632096,4,Niedersachsen,married,11.5,parttime,1998
68,Realschule,1983,female,2,1,113734.01221324597,4,Niedersachsen,married,11.5,parttime,1997
69,Realschule,1985,female,2,2,103880.53130796205,4,Niedersachsen,married,11.5,parttime,1999
70,Gymnasium,1986,female,1,1,80802.46292826449,3,Niedersachsen,married,18,fulltime,2000
71,Realschule,1984,male,2,2,69070.38895841196,3,Niedersachsen,married,15,parttime,1998
72,Gymnasium,1984,female,3,2,156089.1090326193,6,Niedersachsen,married,18,parttime,1998
73,Gymnasium,1988,male,3,3,232596.26905452964,6,Niedersachsen,married,18,none,2002
74,Gymnasium,1987,male,1,1,116566.3475335748,3,Niedersachsen,married,14.5,parttime,2001
75,Hauptschule,1980,male,2,1,60742.59630041458,4,Niedersachsen,married,11.5,fulltime,1994
76,Gymnasium,1986,female,1,1,76460.51357365775,4,Niedersachsen,married,12,none,2000
77,Hauptschule,1983,female,3,2,34499.00099926397,5,Niedersachsen,married,10.5,parttime,1997
78,Hauptschule,1982,male,3,1,48458.85024581575,4,Niedersachsen,married,10.5,parttime,1996
79,Gymnasium,1980,male,2,2,66482.33188691437,4,Niedersachsen,married,10.5,parttime,1994
80,Hauptschule,1981,male,1,1,63589.0091858642,3,Niedersachsen,married,12,fulltime,1995
81,Hauptschule,1988,female,3,1,67837.29790549348,5,Niedersachsen,married,10.5,none,2002
82,Realschule,1984,male,5,4,29395.086156356625,6,Niedersachsen,divorced,10.5,none,1998
83,Hauptschule,1982,male,5,3,30096.61907497999,6,Niedersachsen,divorced,10.5,none,1996
84,Hauptschule,1981,male,5,2,49068.00382570819,6,Niedersachsen,divorced,10.5,none,1995
85,Realschule,1980,female,2,1,58493.01566808546,4,Niedersachsen,married,10.5,parttime,1994
86,Realschule,1983,female,2,2,64251.9970469229,4,Niedersachsen,married,10.5,parttime,1997
87,Gymnasium,1981,male,2,2,47501.00036467255,3,Niedersachsen,separated,12,parttime,1995
88,Gymnasium,1987,female,2,1,66555.03086273275,4,Niedersachsen,married,11.5,none,2001
89,Gymnasium,1981,female,2,1,80016.6826555095,4,Niedersachsen,married,11,parttime,1995
90,Gymnasium,1980,male,2,1,110693.67495859617,4,Niedersachsen,married,11.5,parttime,1994
91,Gymnasium,1982,male,2,2,118714.51455228521,4,Niedersachsen,married,11.5,parttime,1996
92,Realschule,1987,male,4,2,65110.07955804983,6,Niedersachsen,divorced,9,parttime,2001
93,Gymnasium,1980,female,2,2,15796.992969360737,3,Hamburg,married,15,parttime,1994
94,Hauptschule,1983,female,3,3,105192.3839471187,4,Niedersachsen,married,10.5,parttime,1997
95,Hauptschule,1987,male,2,2,68122.42267208887,3,Niedersachsen,married,9,parttime,2001
96,Gymnasium,1988,female,3,1,17425.54846482336,5,Niedersachsen,married,11.5,none,2002
97,Realschule,1984,male,3,3,108924.12214443406,6,Niedersachsen,married,10.5,none,1998
98,Hauptschule,1980,female,2,1,62076.70872500958,4,Niedersachsen,married,10.5,none,1994
99,Hauptschule,1982,female,2,2,61368.298294783206,3,Niedersachsen,married,10.5,none,1996
100,Hauptschule,1981,male,4,4,47402.75475407201,3,Niedersachsen,married,10.5,parttime,1995
101,Realschule,1984,female,4,2,74305.94177109994,6,Niedersachsen,married,10.5,none,1998
102,Realschule,1985,female,4,3,38381.29490762273,5,Niedersachsen,separated,10.5,none,1999
103,Gymnasium,1983,male,4,1,78895.22972342516,6,Niedersachsen,married,10.5,none,1997
104,Realschule,1985,male,4,4,38381.29490762273,5,Niedersachsen,separated,10.5,none,1999
105,Realschule,1981,female,2,2,74096.2691015798,4,Bayern,separated,11.5,parttime,1995
106,Hauptschule,1986,male,4,3,53213.007302686216,5,Niedersachsen,married,9,parttime,2000
107,Hauptschule,1980,male,4,1,46703.01608715531,6,Niedersachsen,married,9,none,1994
108,Hauptschule,1987,female,4,4,62625.00809517113,5,Niedersachsen,married,9,none,2001
109,Gymnasium,1987,male,3,1,130948.74972800148,5,Niedersachsen,married,12,none,2001
110,Gymnasium,1981,male,3,1,92328.78088542692,5,Niedersachsen,married,12,none,1995
111,Gymnasium,1986,male,3,3,106070.41087008761,5,Niedersachsen,married,12,none,2000
112,Realschule,1983,male,3,2,102432.04476188752,5,Niedersachsen,married,12,none,1997
113,Realschule,1982,male,1,1,46152.791015700146,3,Nordrhein-Westfalen,married,10.5,fulltime,1996
114,Realschule,1981,male,5,3,42103.98708684409,7,Niedersachsen,married,9,none,1995
115,Hauptschule,1986,female,5,5,90984.95133287583,6,Niedersachsen,married,9,none,2000
116,Hauptschule,1983,female,5,4,110535.86125218225,7,Niedersachsen,married,9,none,1997
117,Realschule,1986,female,3,3,158189.05907334626,5,Niedersachsen,married,11.5,fulltime,2000
118,Realschule,1981,female,3,2,54378.5810212474,5,Niedersachsen,married,12,none,1995
119,Realschule,1984,male,3,3,84988.8235918753,5,Niedersachsen,married,12,parttime,1998
120,Gymnasium,1980,male,2,1,28075.37466585063,3,Niedersachsen,separated,10.5,none,1994
121,Hauptschule,1986,male,2,2,62380.97530883165,5,Niedersachsen,divorced,10.5,parttime,2000
122,Realschule,1981,female,2,2,1247.5896835560075,3,Niedersachsen,widowed,10.5,none,1995
123,Hauptschule,1985,female,3,1,65960.99912193547,5,Bremen,divorced,11.5,none,1999
124,Realschule,1988,female,3,2,62114.13501116585,5,Bremen,divorced,12,none,2002
125,Gymnasium,1982,female,1,1,114788.05037342767,3,Bremen,married,12,fulltime,1996
126,Hauptschule,1988,male,1,1,30089.559119493726,2,Bremen,single,11,none,2002
127,Realschule,1981,female,3,2,37871.930045382105,4,Bremen,divorced,9,none,1995
128,Gymnasium,1988,female,3,3,31787.819321975778,2,Bremen,divorced,11.5,parttime,2002
129,Gymnasium,1980,female,3,3,106147.01408421472,5,Schleswig-Holstein,married,13,none,1994
130,Gymnasium,1984,female,1,1,103349.10652367827,3,Nordrhein-Westfalen,married,11.5,fulltime,1998
131,Gymnasium,1987,female,2,2,79683.06659729147,4,Nordrhein-Westfalen,married,11,parttime,2001
132,Realschule,1987,female,1,1,57466.019624759494,3,Nordrhein-Westfalen,married,10.5,parttime,2001
133,Gymnasium,1988,male,2,2,72696.38767476744,3,Nordrhein-Westfalen,married,9,fulltime,2002
134,Realschule,1987,female,1,1,60680.0076929642,3,Nordrhein-Westfalen,married,10.5,none,2001
135,Gymnasium,1987,male,1,1,48523.36162391525,3,Nordrhein-Westfalen,married,10.5,none,2001
136,Hauptschule,1986,female,3,3,47983.30045378951,3,Nordrhein-Westfalen,married,10.5,none,2000
137,Gymnasium,1987,male,2,1,59958.30975451396,4,Baden Wuerttemberg,married,12,none,2001
138,Gymnasium,1982,male,3,1,73198.45855410374,5,Nordrhein-Westfalen,married,10.5,none,1996
139,Gymnasium,1984,female,3,2,73933.85017925996,5,Nordrhein-Westfalen,married,10.5,none,1998
140,Realschule,1984,female,2,2,27966.265870114512,2,Nordrhein-Westfalen,divorced,10.5,parttime,1998
141,Gymnasium,1982,female,1,1,24886.999310986466,2,Nordrhein-Westfalen,widowed,11.5,none,1996
142,Gymnasium,1988,female,1,1,67982.95240542991,3,Nordrhein-Westfalen,married,10.5,none,2002
143,Gymnasium,1986,female,2,1,92105.83970830274,4,Niedersachsen,single,18,parttime,2000
144,Gymnasium,1985,male,1,1,53818.44773250956,3,Nordrhein-Westfalen,married,13.5,parttime,1999
145,Gymnasium,1984,female,3,2,142983.06720669052,4,Nordrhein-Westfalen,married,11.5,none,1998
146,Gymnasium,1988,male,3,3,95305.13604467224,4,Nordrhein-Westfalen,married,11.5,none,2002
147,Realschule,1984,female,2,1,71933.1619440553,4,Nordrhein-Westfalen,married,10.5,parttime,1998
148,Gymnasium,1980,male,2,2,78355.80316147621,4,Nordrhein-Westfalen,married,10.5,parttime,1994
149,Hauptschule,1987,female,1,1,15239.996220437122,3,Nordrhein-Westfalen,married,10.5,none,2001
150,Gymnasium,1982,male,4,3,86195.0029924584,5,Nordrhein-Westfalen,married,15,parttime,1996
151,Realschule,1985,female,4,4,87379.542947642,4,Nordrhein-Westfalen,married,15,parttime,1999
152,Gymnasium,1986,male,2,1,78127.62419223995,4,Nordrhein-Westfalen,married,10.5,parttime,2000
153,Gymnasium,1985,female,3,2,69458.59769261087,5,Nordrhein-Westfalen,married,13,parttime,1999
154,Gymnasium,1988,female,3,3,84703.67696963057,5,Nordrhein-Westfalen,married,13,parttime,2002
155,Gymnasium,1983,female,3,1,53685.47452307432,5,Nordrhein-Westfalen,married,13,none,1997
156,Realschule,1983,male,2,1,47130.985064883076,4,Nordrhein-Westfalen,married,10.5,none,1997
157,Realschule,1988,female,2,2,73679.75101336004,4,Nordrhein-Westfalen,married,11.5,none,2002
158,Gymnasium,1988,male,1,1,116873.34784097751,3,Nordrhein-Westfalen,married,11.5,parttime,2002
159,Gymnasium,1982,male,3,2,172274.2226503826,5,Nordrhein-Westfalen,married,12,parttime,1996
160,Gymnasium,1984,male,3,3,212041.8129183408,5,Nordrhein-Westfalen,married,12,parttime,1998
161,Hauptschule,1985,male,2,2,62124.79852434061,4,Nordrhein-Westfalen,married,10.5,none,1999
162,Hauptschule,1982,male,2,1,68355.53098020588,4,Nordrhein-Westfalen,married,10.5,none,1996
163,Hauptschule,1981,female,3,2,64974.85566553138,5,Nordrhein-Westfalen,married,10.5,fulltime,1995
164,Hauptschule,1982,male,3,3,27558.1703914755,4,Nordrhein-Westfalen,married,10.5,parttime,1996
165,Realschule,1981,male,2,1,34551.38592153695,4,Nordrhein-Westfalen,married,10.5,parttime,1995
166,Gymnasium,1983,female,2,2,31979.990101933698,4,Nordrhein-Westfalen,married,10.5,fulltime,1997
167,Gymnasium,1982,male,1,1,155918.01597031925,3,Nordrhein-Westfalen,married,18,parttime,1996
168,Hauptschule,1988,male,1,1,48880.94772578526,2,Nordrhein-Westfalen,divorced,11.5,parttime,2002
169,Realschule,1983,female,3,2,47881.36310296414,5,Nordrhein-Westfalen,married,10.5,none,1997
170,Realschule,1986,male,3,3,69485.23163173607,5,Nordrhein-Westfalen,married,10.5,parttime,2000
171,Gymnasium,1986,male,1,1,185350.32749242202,3,Nordrhein-Westfalen,married,11.5,none,2000
172,Realschule,1980,female,2,2,83869.00004926439,4,Nordrhein-Westfalen,married,10.5,fulltime,1994
173,Gymnasium,1980,female,1,1,49523.54798193061,3,Nordrhein-Westfalen,married,9,none,1994
174,Hauptschule,1980,female,3,2,40776.994325590895,5,Nordrhein-Westfalen,married,9,none,1994
175,Gymnasium,1985,female,2,1,32187.992391298107,3,Nordrhein-Westfalen,separated,18,parttime,1999
176,Gymnasium,1987,female,2,2,41041.000199934715,3,Nordrhein-Westfalen,divorced,18,parttime,2001
177,Gymnasium,1984,female,2,1,48729.95746666846,4,Nordrhein-Westfalen,married,14,fulltime,1998
178,Gymnasium,1984,female,2,2,103880.03596816963,4,Nordrhein-Westfalen,married,15,parttime,1998
179,Gymnasium,1981,male,2,1,92125.3420248692,4,Nordrhein-Westfalen,married,15,parttime,1995
180,Gymnasium,1988,male,2,2,49565.07997335147,3,Nordrhein-Westfalen,separated,16,none,2002
181,Gymnasium,1986,male,2,1,19903.998468192112,3,Nordrhein-Westfalen,separated,16,none,2000
182,Hauptschule,1984,female,1,1,37869.65471205468,2,Nordrhein-Westfalen,separated,12,fulltime,1998
183,Realschule,1987,male,2,1,44426.07962650098,3,Nordrhein-Westfalen,divorced,12,fulltime,2001
184,Realschule,1988,male,1,1,44145.05547789532,2,Nordrhein-Westfalen,divorced,11.5,fulltime,2002
185,Gymnasium,1985,male,3,2,170106.32517103653,5,Nordrhein-Westfalen,married,12,parttime,1999
186,Realschule,1988,male,3,3,132208.08708326294,5,Nordrhein-Westfalen,married,10,fulltime,2002
187,Gymnasium,1983,female,3,1,88060.1661510012,5,Nordrhein-Westfalen,married,12,parttime,1997
188,Gymnasium,1981,male,2,2,6623.9972749059925,2,Nordrhein-Westfalen,divorced,11,none,1995
189,Hauptschule,1983,male,2,2,71909.70429300427,4,Nordrhein-Westfalen,married,12,none,1997
190,Hauptschule,1988,male,2,1,54009.04722529774,4,Nordrhein-Westfalen,separated,12,parttime,2002
191,Gymnasium,1987,male,1,1,117431.86221027358,3,Nordrhein-Westfalen,married,11.5,parttime,2001
192,Gymnasium,1981,female,3,2,140007.73812873792,5,Nordrhein-Westfalen,married,18,fulltime,1995
193,Gymnasium,1983,female,3,3,168741.82837291405,5,Nordrhein-Westfalen,married,18,fulltime,1997
194,Gymnasium,1984,female,2,2,156818.27679278277,4,Nordrhein-Westfalen,married,16,parttime,1998
195,Gymnasium,1982,female,2,1,180909.29238681673,4,Nordrhein-Westfalen,married,16,parttime,1996
196,Gymnasium,1982,male,3,3,146845.9782195839,5,Nordrhein-Westfalen,married,12,parttime,1996
197,Gymnasium,1986,male,3,1,63349.01291572016,5,Nordrhein-Westfalen,married,11.5,parttime,2000
198,Realschule,1983,male,1,1,93389.33154529512,3,Nordrhein-Westfalen,married,10.5,none,1997
199,Gymnasium,1981,male,4,2,70883.61828096055,6,Nordrhein-Westfalen,married,14.5,none,1995
200,Realschule,1985,male,4,3,110531.85554671242,6,Nordrhein-Westfalen,married,14.5,none,1999
201,Gymnasium,1988,male,5,1,114504.54426851732,7,Hessen,divorced,12,fulltime,2002
202,Gymnasium,1981,male,2,1,137343.35303013507,4,Rheinland-Pfalz/Saarland,married,12,none,1995
203,Gymnasium,1983,female,2,2,140836.8166063586,4,Nordrhein-Westfalen,married,12,parttime,1997
204,Gymnasium,1985,female,3,2,79353.41448187962,5,Bayern,married,15,none,1999
205,Hauptschule,1983,male,3,1,90091.72897042568,5,Bayern,married,15,none,1997
206,Gymnasium,1984,male,2,1,51205.985947152265,4,Nordrhein-Westfalen,married,13,parttime,1998
207,Realschule,1980,female,4,1,63276.85891807765,6,Nordrhein-Westfalen,married,11.5,none,1994
208,Realschule,1987,female,4,3,92850.54647498982,6,Nordrhein-Westfalen,married,10.5,none,2001
209,Gymnasium,1985,female,4,2,84237.1709825344,6,Nordrhein-Westfalen,married,11.5,none,1999
210,Gymnasium,1984,female,2,1,58474.21972101685,4,Nordrhein-Westfalen,married,10.5,parttime,1998
211,Gymnasium,1986,male,2,2,69846.25725896435,4,Nordrhein-Westfalen,married,10.5,parttime,2000
212,Realschule,1981,male,1,1,69087.78100089461,3,Nordrhein-Westfalen,married,10.5,parttime,1995
213,Gymnasium,1982,female,2,2,84945.39100470925,4,Nordrhein-Westfalen,married,10.5,parttime,1996
214,Realschule,1982,male,2,2,62192.55456706599,4,Nordrhein-Westfalen,married,11,fulltime,1996
215,Gymnasium,1981,male,3,1,77506.02855023026,5,Nordrhein-Westfalen,married,11.5,none,1995
216,Gymnasium,1988,male,3,3,91137.70787241987,5,Nordrhein-Westfalen,married,11.5,none,2002
217,Gymnasium,1985,female,3,2,80626.0360539351,5,Nordrhein-Westfalen,married,11.5,none,1999
218,Gymnasium,1988,male,2,1,88494.5746364311,4,Nordrhein-Westfalen,married,11,parttime,2002
219,Gymnasium,1987,male,2,1,65915.03136452858,4,Nordrhein-Westfalen,married,10.5,parttime,2001
220,Hauptschule,1980,male,4,2,52946.38840164484,6,Nordrhein-Westfalen,married,10,none,1994
221,Gymnasium,1987,female,1,1,108670.9541591816,3,Nordrhein-Westfalen,married,11.5,fulltime,2001
222,Gymnasium,1985,male,3,3,64379.88352469167,3,Nordrhein-Westfalen,married,10.5,none,1999
223,Realschule,1981,female,2,2,45930.96340024064,4,Nordrhein-Westfalen,married,12,parttime,1995
224,Gymnasium,1988,female,2,2,147395.1317225972,4,Nordrhein-Westfalen,married,12,none,2002
225,Gymnasium,1985,female,2,1,147962.98873742565,4,Nordrhein-Westfalen,married,12,none,1999
226,Gymnasium,1983,female,2,2,57449.41645203334,4,Nordrhein-Westfalen,married,10.5,none,1997
227,Gymnasium,1985,female,3,3,77906.3504221787,5,Nordrhein-Westfalen,married,12,none,1999
228,Gymnasium,1982,male,3,2,74648.78922173461,5,Nordrhein-Westfalen,married,12,none,1996
229,Gymnasium,1980,male,3,1,72871.44503690467,5,Nordrhein-Westfalen,married,12,none,1994
230,Gymnasium,1982,male,2,1,110600.28871562188,4,Niedersachsen,married,11,none,1996
231,Gymnasium,1985,female,2,1,32782.238403726835,3,Nordrhein-Westfalen,separated,14.5,parttime,1999
232,Realschule,1988,female,2,2,56698.943946364416,4,Nordrhein-Westfalen,married,12,none,2002
233,Realschule,1985,male,2,1,57984.10023351018,4,Nordrhein-Westfalen,married,10.5,parttime,1999
234,Realschule,1982,male,3,1,50442.93732687514,5,Nordrhein-Westfalen,married,10.5,none,1996
235,Realschule,1986,female,3,3,79629.73828115249,5,Nordrhein-Westfalen,married,10.5,none,2000
236,Realschule,1986,female,3,2,79629.73828115249,5,Nordrhein-Westfalen,married,10.5,none,2000
237,Realschule,1985,male,4,3,94247.09382440816,6,Nordrhein-Westfalen,married,10.5,parttime,1999
238,Realschule,1981,male,1,1,40954.51433201311,3,Nordrhein-Westfalen,married,10.5,none,1995
239,Gymnasium,1980,female,2,1,67172.4109538621,4,Nordrhein-Westfalen,married,14,none,1994
240,Gymnasium,1982,female,2,2,66389.70203360761,4,Nordrhein-Westfalen,married,14,none,1996
241,Realschule,1987,male,3,3,65747.9690552199,4,Nordrhein-Westfalen,married,9,parttime,2001
242,Realschule,1985,female,3,2,66644.77700418333,4,Nordrhein-Westfalen,married,10.5,none,1999
243,Hauptschule,1982,male,2,2,65956.91040346566,4,Nordrhein-Westfalen,married,11.5,none,1996
244,Gymnasium,1980,male,2,1,63144.539054177476,4,Nordrhein-Westfalen,married,11.5,none,1994
245,Gymnasium,1985,male,2,2,108179.27731187934,4,Nordrhein-Westfalen,married,18,fulltime,1999
246,Gymnasium,1982,male,2,1,111050.0037101095,4,Nordrhein-Westfalen,married,18,fulltime,1996
247,Hauptschule,1981,female,6,2,59044.225256135054,8,Nordrhein-Westfalen,married,10,none,1995
248,Hauptschule,1982,female,6,3,71163.01701550496,8,Nordrhein-Westfalen,married,10,none,1996
249,Realschule,1985,female,6,4,72121.64908083569,7,Nordrhein-Westfalen,married,10,none,1999
250,Hauptschule,1987,female,6,5,75930.70937728068,7,Nordrhein-Westfalen,married,10,none,2001
251,Hauptschule,1982,male,3,1,45353.83356114769,5,Nordrhein-Westfalen,married,11.5,none,1996
252,Gymnasium,1984,female,2,1,107474.98368775957,4,Nordrhein-Westfalen,married,10.5,parttime,1998
253,Gymnasium,1988,male,2,2,149226.61853537188,4,Nordrhein-Westfalen,married,10.5,parttime,2002
254,Realschule,1984,male,2,2,63420.34194811889,4,Nordrhein-Westfalen,married,12,parttime,1998
255,Gymnasium,1981,female,2,1,51907.01405688943,4,Nordrhein-Westfalen,married,12,parttime,1995
256,Gymnasium,1983,female,3,3,75925.93025864137,3,Nordrhein-Westfalen,married,12,none,1997
257,Realschule,1988,female,3,3,80900.00168221431,3,Nordrhein-Westfalen,married,11.5,fulltime,2002
258,Realschule,1981,female,3,2,59487.96604675856,6,Nordrhein-Westfalen,married,10.5,none,1995
259,Gymnasium,1983,male,2,2,46310.05890453976,4,Nordrhein-Westfalen,married,18,parttime,1997
260,Hauptschule,1986,female,4,1,83327.42683205144,6,Nordrhein-Westfalen,married,10.5,none,2000
261,Realschule,1987,male,4,2,88635.45752491201,6,Nordrhein-Westfalen,married,10.5,none,2001
262,Realschule,1986,female,2,2,50381.1588066165,4,Nordrhein-Westfalen,married,10.5,parttime,2000
263,Realschule,1984,female,2,1,49021.51173969311,4,Nordrhein-Westfalen,married,10.5,none,1998
264,Realschule,1988,male,3,3,68243.82336889017,5,Nordrhein-Westfalen,married,11.5,none,2002
265,Gymnasium,1980,male,3,1,48981.69644314907,5,Nordrhein-Westfalen,married,11.5,none,1994
266,Gymnasium,1982,male,3,2,56481.93547084824,5,Nordrhein-Westfalen,married,11.5,none,1996
267,Realschule,1988,female,3,1,68940.8113343164,5,Nordrhein-Westfalen,married,12,none,2002
268,Hauptschule,1985,female,3,2,74114.29053851998,5,Nordrhein-Westfalen,married,10,fulltime,1999
269,Gymnasium,1982,male,3,1,72111.60781750659,5,Nordrhein-Westfalen,married,10,fulltime,1996
270,Realschule,1984,male,3,1,40506.07141418193,5,Nordrhein-Westfalen,married,10.5,none,1998
271,Gymnasium,1986,male,2,1,64438.36043042931,4,Nordrhein-Westfalen,married,15,parttime,2000
272,Gymnasium,1985,female,1,1,91642.42907657236,3,Nordrhein-Westfalen,married,14,none,1999
273,Gymnasium,1982,female,2,2,126050.53429817318,5,Nordrhein-Westfalen,married,10.5,parttime,1996
274,Gymnasium,1982,male,1,1,60131.817842351324,3,Nordrhein-Westfalen,married,10.5,parttime,1996
275,Gymnasium,1986,female,2,2,86664.9952874282,4,Nordrhein-Westfalen,married,12,parttime,2000
276,Gymnasium,1983,male,2,1,71531.32735772054,4,Nordrhein-Westfalen,married,11.5,none,1997
277,Gymnasium,1987,male,1,1,157439.70344444318,3,Nordrhein-Westfalen,married,14.5,parttime,2001
278,Gymnasium,1983,male,2,2,124595.66506667255,4,Nordrhein-Westfalen,married,11.5,parttime,1997
279,Gymnasium,1986,male,2,2,63010.99357067672,3,Nordrhein-Westfalen,separated,9,parttime,2000
280,Gymnasium,1986,female,4,2,115022.77566668254,5,Nordrhein-Westfalen,divorced,18,parttime,2000
281,Hauptschule,1987,male,2,1,73069.49823933707,4,Nordrhein-Westfalen,married,9,parttime,2001
282,Hauptschule,1983,female,2,1,62245.24543534741,4,Nordrhein-Westfalen,married,10.5,none,1997
283,Realschule,1988,female,2,2,89277.8304011366,4,Nordrhein-Westfalen,married,10.5,none,2002
284,Realschule,1980,male,1,1,37251.69081672438,3,Nordrhein-Westfalen,married,10.5,none,1994
285,Hauptschule,1985,male,4,4,43371.33988154089,6,Nordrhein-Westfalen,married,7,none,1999
286,Hauptschule,1985,male,4,3,43371.33988154089,6,Nordrhein-Westfalen,married,7,none,1999
287,Hauptschule,1981,female,4,1,39436.98851804921,6,Nordrhein-Westfalen,married,7,none,1995
288,Realschule,1987,male,1,1,15742.536010139682,2,Nordrhein-Westfalen,divorced,12,fulltime,2001
289,Gymnasium,1981,male,2,2,68732.44561551753,4,Nordrhein-Westfalen,married,10.5,none,1995
290,Gymnasium,1984,male,3,3,133429.64480920797,4,Nordrhein-Westfalen,married,18,parttime,1998
291,Gymnasium,1980,female,3,3,59447.35969589656,4,Nordrhein-Westfalen,married,9,none,1994
292,Gymnasium,1980,female,2,1,86833.02047580286,4,Nordrhein-Westfalen,married,11,parttime,1994
293,Gymnasium,1981,male,2,2,93625.91486594014,4,Nordrhein-Westfalen,married,11,parttime,1995
294,Gymnasium,1988,female,2,2,96179.57735955785,4,Nordrhein-Westfalen,married,12,parttime,2002
295,Realschule,1985,male,2,1,69989.01620847364,4,Nordrhein-Westfalen,married,12,parttime,1999
296,Hauptschule,1983,male,2,1,23403.487649333085,3,Nordrhein-Westfalen,divorced,10.5,none,1997
297,Hauptschule,1988,female,3,3,92293.83102196844,5,Nordrhein-Westfalen,married,7,parttime,2002
298,Hauptschule,1982,female,3,2,57887.02309458353,5,Nordrhein-Westfalen,married,7,parttime,1996
299,Realschule,1983,female,5,4,80898.30435043646,7,Nordrhein-Westfalen,married,12,none,1997
300,Hauptschule,1988,female,5,5,99697.44459783223,6,Nordrhein-Westfalen,married,12,none,2002
301,Hauptschule,1982,male,5,3,81056.07674648231,7,Nordrhein-Westfalen,married,12,none,1996
302,Hauptschule,1980,male,2,2,38455.56146501412,3,Nordrhein-Westfalen,married,10.5,parttime,1994
303,Gymnasium,1981,male,2,2,73066.9199581859,3,Hessen,married,10.5,fulltime,1995
304,Realschule,1982,female,2,1,96501.97599339343,5,Nordrhein-Westfalen,married,14.5,fulltime,1996
305,Realschule,1986,male,3,1,20199.999190655864,4,Hessen,single,10.5,none,2000
306,Realschule,1987,female,3,2,42120.011378350915,4,Hessen,single,10.5,none,2001
307,Gymnasium,1980,female,3,3,139614.40241890677,5,Hessen,married,14.5,parttime,1994
308,Hauptschule,1986,male,3,3,23066.98923264459,3,Hessen,married,9,none,2000
309,Hauptschule,1983,male,2,2,52042.97685905276,3,Hessen,married,9,none,1997
310,Realschule,1988,female,4,3,97606.92548502515,4,Rheinland-Pfalz/Saarland,married,10.5,none,2002
311,Hauptschule,1983,male,2,1,44316.73546920503,4,Bayern,married,11.5,none,1997
312,Gymnasium,1988,female,3,1,76911.67318970512,5,Hessen,married,12,none,2002
313,Realschule,1983,male,1,1,73191.89694416434,3,Hessen,married,10.5,none,1997
314,Realschule,1985,male,3,3,45271.98672460264,3,Hessen,married,9,none,1999
315,Realschule,1985,male,2,2,37646.29271642198,3,Hessen,separated,10,fulltime,1999
316,Realschule,1988,male,5,2,140582.25621419994,7,Bayern,married,12,none,2002
317,Gymnasium,1986,male,5,1,130934.01442691807,6,Bayern,married,12,parttime,2000
318,Gymnasium,1982,female,3,1,62234.62059939555,5,Hessen,married,18,none,1996
319,Realschule,1984,male,2,2,39353.13218193166,2,Hessen,divorced,11.5,parttime,1998
320,Realschule,1980,female,2,1,30455.977274275767,3,Hessen,divorced,11.5,parttime,1994
321,Gymnasium,1982,female,2,2,90353.12685122812,4,Hessen,widowed,11.5,parttime,1996
322,Realschule,1986,male,3,1,61460.1933350139,5,Hessen,married,11.5,parttime,2000
323,Realschule,1988,female,3,2,67555.7502485211,5,Hessen,married,11.5,none,2002
324,Hauptschule,1981,female,3,2,47318.158014091576,5,Hessen,married,9,parttime,1995
325,Hauptschule,1986,male,3,3,50297.098334467104,3,Hessen,married,9,fulltime,2000
326,Realschule,1985,female,3,1,88188.58223141533,5,Hessen,married,11,parttime,1999
327,Gymnasium,1987,male,4,1,108397.28390668766,8,Baden Wuerttemberg,married,18,none,2001
328,Realschule,1982,male,1,1,55151.017115596434,3,Hessen,married,11,parttime,1996
329,Gymnasium,1986,female,1,1,88970.9963571462,3,Hessen,married,14,parttime,2000
330,Realschule,1985,female,3,3,95227.09345358398,4,Hessen,married,10.5,fulltime,1999
331,Hauptschule,1981,male,2,2,52341.02378040456,3,Hessen,married,9,parttime,1995
332,Gymnasium,1982,male,2,2,85118.03700931938,4,Hessen,married,9,none,1996
333,Gymnasium,1982,male,3,1,65979.55879921686,4,Hessen,separated,15,fulltime,1996
334,Realschule,1983,male,3,2,55352.67018694137,4,Hessen,separated,15,fulltime,1997
335,Realschule,1983,male,3,3,55352.67018694137,4,Hessen,separated,15,fulltime,1997
336,Hauptschule,1981,male,2,2,78120.32271920118,4,Hessen,married,11.5,none,1995
337,Gymnasium,1981,male,2,1,47785.88529095592,4,Hessen,married,11.5,parttime,1995
338,Realschule,1986,male,3,1,75660.15007379008,5,Hessen,married,12,parttime,2000
339,Gymnasium,1986,female,1,1,71111.32164898344,3,Hessen,married,18,parttime,2000
340,Realschule,1980,male,1,1,43417.27615836215,3,Hessen,married,11.5,none,1994
341,Gymnasium,1982,female,3,1,42646.757322682155,5,Hessen,married,11,parttime,1996
342,Gymnasium,1982,female,2,1,63671.78034047627,4,Hessen,married,12,parttime,1996
343,Realschule,1986,male,4,2,51687.737430739515,6,Rheinland-Pfalz/Saarland,married,10.5,none,2000
344,Hauptschule,1981,female,4,1,17063.26635821804,5,Rheinland-Pfalz/Saarland,married,9,none,1995
345,Realschule,1981,male,2,2,38968.09317280672,3,Rheinland-Pfalz/Saarland,widowed,10.5,parttime,1995
346,Gymnasium,1988,female,4,1,134034.42331332824,6,Rheinland-Pfalz/Saarland,married,13,none,2002
347,Realschule,1986,female,3,3,61079.513431348096,5,Rheinland-Pfalz/Saarland,married,10,none,2000
348,Realschule,1982,male,3,2,45357.72647897081,5,Rheinland-Pfalz/Saarland,married,10,none,1996
349,Realschule,1980,male,3,1,49957.015674075476,5,Rheinland-Pfalz/Saarland,married,10,none,1994
350,Hauptschule,1986,female,4,2,71111.99982262784,5,Rheinland-Pfalz/Saarland,married,10.5,fulltime,2000
351,Hauptschule,1982,male,4,1,62962.758193497095,6,Rheinland-Pfalz/Saarland,married,9,none,1996
352,Gymnasium,1984,female,2,2,77676.44304017199,4,Rheinland-Pfalz/Saarland,married,16,none,1998
353,Gymnasium,1980,female,2,1,64421.032955493865,4,Rheinland-Pfalz/Saarland,married,16,none,1994
354,Realschule,1982,female,2,2,38543.82709813304,4,Rheinland-Pfalz/Saarland,married,15,none,1996
355,Realschule,1980,female,2,1,37095.13797235257,4,Rheinland-Pfalz/Saarland,married,15,none,1994
356,Hauptschule,1980,male,2,1,23756.99031803599,3,Rheinland-Pfalz/Saarland,divorced,10.5,parttime,1994
357,Hauptschule,1982,male,4,3,74402.02410834927,7,Rheinland-Pfalz/Saarland,married,10.5,parttime,1996
358,Hauptschule,1980,female,4,2,58382.00084280247,7,Rheinland-Pfalz/Saarland,married,10.5,none,1994
359,Hauptschule,1980,female,1,1,22438.996540142383,2,Rheinland-Pfalz/Saarland,divorced,9,parttime,1994
360,Gymnasium,1981,male,2,1,51192.36311999372,4,Rheinland-Pfalz/Saarland,married,9,none,1995
361,Gymnasium,1983,female,1,1,65978.48911670719,3,Rheinland-Pfalz/Saarland,married,10.5,parttime,1997
362,Hauptschule,1983,male,6,3,52675.98107648305,6,Rheinland-Pfalz/Saarland,married,9,none,1997
363,Hauptschule,1987,female,6,4,43920.01709409134,6,Rheinland-Pfalz/Saarland,divorced,9,none,2001
364,Gymnasium,1985,male,2,2,67059.50304806595,3,Rheinland-Pfalz/Saarland,married,11.5,fulltime,1999
365,Gymnasium,1984,female,3,2,77615.64878163829,4,Rheinland-Pfalz/Saarland,married,18,none,1998
366,Gymnasium,1987,male,3,3,128896.32617117478,4,Rheinland-Pfalz/Saarland,married,18,parttime,2001
367,Gymnasium,1987,female,1,1,70654.89208748992,3,Rheinland-Pfalz/Saarland,married,11.5,parttime,2001
368,Realschule,1982,female,1,1,77131.00451370452,3,Rheinland-Pfalz/Saarland,married,11.5,parttime,1996
369,Realschule,1984,female,1,1,73517.33364177222,3,Rheinland-Pfalz/Saarland,married,10.5,none,1998
370,Hauptschule,1985,male,3,2,54873.53668913214,5,Rheinland-Pfalz/Saarland,married,9,parttime,1999
371,Hauptschule,1981,female,3,1,38165.28697442351,5,Rheinland-Pfalz/Saarland,married,9,parttime,1995
372,Realschule,1985,male,1,1,70890.98705154435,3,Rheinland-Pfalz/Saarland,married,11.5,parttime,1999
373,Gymnasium,1987,male,2,2,124654.61555613815,5,Rheinland-Pfalz/Saarland,married,18,parttime,2001
374,Gymnasium,1984,male,2,1,107540.60123483221,5,Rheinland-Pfalz/Saarland,married,16,parttime,1998
375,Realschule,1986,female,1,1,60211.98383226142,3,Rheinland-Pfalz/Saarland,married,11.5,parttime,2000
376,Hauptschule,1980,male,4,4,16232.997471800723,3,Rheinland-Pfalz/Saarland,married,7,none,1994
377,Realschule,1982,male,1,1,48082.978563971556,3,Rheinland-Pfalz/Saarland,married,11.5,parttime,1996
378,Gymnasium,1982,male,2,2,75866.94016962011,4,Rheinland-Pfalz/Saarland,married,12,none,1996
379,Gymnasium,1980,female,2,1,75618.52800965185,4,Rheinland-Pfalz/Saarland,married,12,none,1994
380,Hauptschule,1984,male,2,1,8826.603038214142,4,Rheinland-Pfalz/Saarland,married,10.5,none,1998
381,Gymnasium,1980,male,2,1,71003.98055216328,4,Rheinland-Pfalz/Saarland,married,16,parttime,1994
382,Gymnasium,1981,female,2,1,20535.564605724252,4,Rheinland-Pfalz/Saarland,married,9,none,1995
383,Gymnasium,1985,female,2,1,46758.188510447195,3,Rheinland-Pfalz/Saarland,divorced,11.5,fulltime,1999
384,Gymnasium,1981,female,2,1,53936.008165552106,4,Rheinland-Pfalz/Saarland,married,9,none,1995
385,Gymnasium,1986,female,1,1,113667.97608092065,3,Rheinland-Pfalz/Saarland,married,12,none,2000
386,Gymnasium,1984,male,2,2,68009.47451823174,4,Rheinland-Pfalz/Saarland,married,10.5,none,1998
387,Realschule,1980,male,2,1,57773.79735389907,4,Rheinland-Pfalz/Saarland,married,10.5,none,1994
388,Gymnasium,1987,female,2,2,39407.475682781675,4,Rheinland-Pfalz/Saarland,married,11.5,parttime,2001
389,Gymnasium,1986,female,2,1,41610.3654107732,3,Rheinland-Pfalz/Saarland,divorced,11.5,parttime,2000
390,Realschule,1981,male,2,2,61160.00962663669,3,Rheinland-Pfalz/Saarland,divorced,10.5,fulltime,1995
391,Realschule,1984,male,5,3,15891.91652953131,4,Baden Wuerttemberg,separated,11.5,none,1998
392,Gymnasium,1987,female,2,2,37678.72645899849,3,Baden Wuerttemberg,separated,12,fulltime,2001
393,Gymnasium,1981,male,2,1,85801.98991779186,4,Baden Wuerttemberg,married,11.5,parttime,1995
394,Gymnasium,1985,female,2,1,29594.99579930735,4,Baden Wuerttemberg,married,18,none,1999
395,Gymnasium,1982,male,2,2,63691.76105945936,4,Baden Wuerttemberg,married,10.5,parttime,1996
396,Gymnasium,1985,male,4,1,111319.9668156996,6,Baden Wuerttemberg,married,18,none,1999
397,Gymnasium,1987,female,4,2,103228.04553676928,6,Baden Wuerttemberg,married,18,none,2001
398,Realschule,1988,female,2,2,80498.6515456204,5,Baden Wuerttemberg,divorced,7,none,2002
399,Realschule,1982,male,2,1,62278.97201014005,4,Baden Wuerttemberg,married,10.5,parttime,1996
400,Hauptschule,1985,male,2,2,68817.97385757002,4,Baden Wuerttemberg,married,10.5,none,1999
401,Gymnasium,1981,male,2,1,127547.32511389136,4,Baden Wuerttemberg,married,12,none,1995
402,Gymnasium,1984,female,2,2,134964.3670947858,4,Baden Wuerttemberg,married,12,none,1998
403,Gymnasium,1983,male,2,2,117554.33301263953,4,Baden Wuerttemberg,married,12,parttime,1997
404,Realschule,1988,male,2,2,117925.99860981255,4,Baden Wuerttemberg,divorced,12,parttime,2002
405,Gymnasium,1986,female,2,1,96923.47759351131,4,Baden Wuerttemberg,divorced,12,parttime,2000
406,Realschule,1983,male,2,1,29230.042399592447,4,Baden Wuerttemberg,married,12,parttime,1997
407,Hauptschule,1987,male,3,1,127814.8452951405,5,Baden Wuerttemberg,married,11.5,fulltime,2001
408,Gymnasium,1987,male,2,1,87977.48398364666,4,Baden Wuerttemberg,married,15,none,2001
409,Realschule,1983,female,2,2,72957.9488977488,4,Baden Wuerttemberg,married,10.5,none,1997
410,Realschule,1984,female,3,3,73880.84655950166,4,Baden Wuerttemberg,divorced,12,parttime,1998
411,Gymnasium,1980,male,3,2,68918.9867586135,4,Baden Wuerttemberg,separated,12,parttime,1994
412,Hauptschule,1981,male,2,2,68799.07503200513,4,Baden Wuerttemberg,married,11,parttime,1995
413,Hauptschule,1987,male,1,1,61740.002105159314,3,Baden Wuerttemberg,married,9,none,2001
414,Gymnasium,1981,male,2,2,65671.39165853312,4,Baden Wuerttemberg,married,10.5,parttime,1995
415,Gymnasium,1986,female,2,1,83015.38847344478,4,Baden Wuerttemberg,married,11,parttime,2000
416,Gymnasium,1987,male,2,2,84184.16667994337,4,Baden Wuerttemberg,married,11,none,2001
417,Gymnasium,1981,female,2,2,52836.37628682958,4,Baden Wuerttemberg,married,11.5,none,1995
418,Realschule,1988,female,1,1,27220.12541206914,2,Baden Wuerttemberg,single,14,none,2002
419,Hauptschule,1982,male,2,2,50962.00918864401,4,Baden Wuerttemberg,married,9,none,1996
420,Gymnasium,1984,female,3,3,109174.02755155377,5,Baden Wuerttemberg,married,13.5,parttime,1998
421,Gymnasium,1980,male,3,2,85794.62578996315,5,Baden Wuerttemberg,married,13.5,parttime,1994
422,Gymnasium,1981,female,2,1,70225.1631416575,4,Baden Wuerttemberg,married,10.5,parttime,1995
423,Gymnasium,1983,male,2,2,70539.69591359927,4,Baden Wuerttemberg,married,10.5,parttime,1997
424,Realschule,1984,male,2,1,48044.017181149,4,Baden Wuerttemberg,married,11.5,parttime,1998
425,Gymnasium,1987,male,2,2,84220.38267696653,4,Baden Wuerttemberg,married,11.5,parttime,2001
426,Gymnasium,1987,male,3,3,95277.236880439,5,Baden Wuerttemberg,married,9,none,2001
427,Gymnasium,1980,female,3,2,56276.70511279882,5,Baden Wuerttemberg,married,9,none,1994
428,Hauptschule,1988,female,2,1,81063.2660674623,4,Baden Wuerttemberg,married,11.5,parttime,2002
429,Realschule,1982,male,3,3,99131.43640521132,4,Baden Wuerttemberg,married,10.5,parttime,1996
430,Hauptschule,1986,female,3,1,56879.99619020253,5,Baden Wuerttemberg,married,9,none,2000
431,Hauptschule,1981,female,3,3,54023.00743736183,4,Baden Wuerttemberg,divorced,10.5,none,1995
432,Realschule,1985,female,4,4,51197.001310079235,4,Baden Wuerttemberg,married,9,none,1999
433,Hauptschule,1983,male,4,3,49390.02206358856,4,Baden Wuerttemberg,married,9,none,1997
434,Realschule,1983,female,1,1,38339.99207185693,3,Baden Wuerttemberg,married,10.5,none,1997
435,Hauptschule,1985,female,2,1,45084.43668234184,4,Baden Wuerttemberg,married,11.5,none,1999
436,Gymnasium,1988,male,2,2,46766.572573708574,4,Baden Wuerttemberg,married,11.5,none,2002
437,Realschule,1982,female,2,1,35619.89057622725,4,Baden Wuerttemberg,married,9,fulltime,1996
438,Hauptschule,1983,female,2,2,66191.19296073615,4,Baden Wuerttemberg,married,9,none,1997
439,Gymnasium,1985,male,2,1,89592.98494348013,4,Baden Wuerttemberg,married,16,parttime,1999
440,Gymnasium,1982,male,2,1,43605.126062878015,4,Baden Wuerttemberg,married,10,parttime,1996
441,Gymnasium,1985,female,2,2,71426.89431869924,4,Baden Wuerttemberg,married,10,fulltime,1999
442,Gymnasium,1984,female,2,1,76853.08991115732,4,Baden Wuerttemberg,married,10.5,parttime,1998
443,Gymnasium,1981,male,3,3,122723.4293214514,5,Baden Wuerttemberg,married,10,parttime,1995
444,Hauptschule,1984,female,4,4,226132.0925931069,6,Baden Wuerttemberg,married,11,none,1998
445,Hauptschule,1981,female,4,2,81459.35154627607,6,Baden Wuerttemberg,married,11,none,1995
446,Hauptschule,1983,male,4,3,155987.76952702834,6,Baden Wuerttemberg,married,11,none,1997
447,Hauptschule,1983,male,3,3,98862.55435039486,4,Baden Wuerttemberg,married,11,parttime,1997
448,Gymnasium,1988,male,3,2,114805.34800224748,5,Baden Wuerttemberg,married,12,parttime,2002
449,Hauptschule,1986,male,3,1,74284.04812364606,5,Baden Wuerttemberg,married,12,parttime,2000
450,Hauptschule,1980,male,2,2,62660.0160594216,4,Baden Wuerttemberg,married,11.5,none,1994
451,Gymnasium,1988,male,2,1,134779.4060214115,4,Baden Wuerttemberg,married,18,parttime,2002
452,Realschule,1980,male,2,2,88667.3308228356,4,Baden Wuerttemberg,married,9,none,1994
453,Realschule,1985,male,3,3,65788.98905177393,3,Baden Wuerttemberg,married,10.5,parttime,1999
454,Gymnasium,1988,female,1,1,106572.31991753903,3,Baden Wuerttemberg,married,11.5,parttime,2002
455,Realschule,1986,female,1,1,59013.60112583296,3,Baden Wuerttemberg,married,9,parttime,2000
456,Hauptschule,1981,male,2,1,48276.00393553155,4,Baden Wuerttemberg,divorced,11.5,fulltime,1995
457,Hauptschule,1982,female,2,2,37626.55162782175,4,Baden Wuerttemberg,divorced,11.5,fulltime,1996
458,Gymnasium,1987,female,4,4,60229.155644538056,3,Baden Wuerttemberg,married,11,none,2001
459,Realschule,1984,male,2,2,68750.99830716503,4,Baden Wuerttemberg,married,11,parttime,1998
460,Realschule,1982,female,2,1,66171.56404631915,4,Baden Wuerttemberg,married,11,parttime,1996
461,Gymnasium,1982,male,4,1,58528.72786898397,6,Baden Wuerttemberg,married,11.5,none,1996
462,Realschule,1985,male,4,3,73119.96724149011,6,Baden Wuerttemberg,married,11.5,parttime,1999
463,Gymnasium,1983,female,4,2,61986.01995796007,6,Baden Wuerttemberg,married,11.5,parttime,1997
464,Hauptschule,1987,male,4,4,80055.99188332436,6,Baden Wuerttemberg,married,12,parttime,2001
465,Realschule,1987,male,4,1,132321.98948250557,6,Baden Wuerttemberg,married,14,none,2001
466,Hauptschule,1987,female,3,1,68180.00740884937,5,Baden Wuerttemberg,married,12,fulltime,2001
467,Hauptschule,1988,female,3,2,90363.89842531185,5,Baden Wuerttemberg,married,12,fulltime,2002
468,Realschule,1982,male,2,2,53580.007035882954,4,Baden Wuerttemberg,married,12,parttime,1996
469,Gymnasium,1980,female,2,1,50433.99037953694,4,Baden Wuerttemberg,married,12,parttime,1994
470,Realschule,1988,female,2,1,104732.42541506841,4,Baden Wuerttemberg,married,10.5,none,2002
471,Realschule,1981,female,2,2,48077.98057406114,4,Baden Wuerttemberg,married,10.5,none,1995
472,Realschule,1980,female,2,1,43699.00134298465,4,Baden Wuerttemberg,married,10.5,none,1994
473,Realschule,1985,female,2,2,77142.99537651823,3,Baden Wuerttemberg,widowed,11.5,parttime,1999
474,Gymnasium,1985,male,5,3,84574.769943595,7,Baden Wuerttemberg,married,12,none,1999
475,Gymnasium,1987,male,5,4,76042.01750695065,7,Baden Wuerttemberg,married,12,none,2001
476,Gymnasium,1983,female,3,3,97353.04051808886,3,Baden Wuerttemberg,married,11.5,parttime,1997
477,Realschule,1985,male,2,2,67889.85033796675,4,Baden Wuerttemberg,married,10.5,none,1999
478,Realschule,1981,male,2,1,53099.35210792986,4,Baden Wuerttemberg,married,10.5,none,1995
479,Hauptschule,1982,male,4,2,62904.54053876166,6,Baden Wuerttemberg,married,9,none,1996
480,Hauptschule,1981,male,4,1,62405.72853039893,6,Baden Wuerttemberg,married,9,none,1995
481,Hauptschule,1986,female,4,3,85177.39653923534,5,Baden Wuerttemberg,married,7,none,2000
482,Hauptschule,1988,male,2,1,45417.54637229312,4,Baden Wuerttemberg,married,11,none,2002
483,Gymnasium,1987,female,3,3,69897.96620159519,4,Baden Wuerttemberg,married,12,parttime,2001
484,Gymnasium,1984,female,2,2,93131.4056567054,4,Baden Wuerttemberg,married,9,parttime,1998
485,Realschule,1980,female,3,2,67638.71765305176,5,Baden Wuerttemberg,married,10.5,parttime,1994
486,Realschule,1982,male,3,3,78502.02860067369,5,Baden Wuerttemberg,married,10.5,parttime,1996
487,Realschule,1985,female,4,2,79006.96545766706,5,Baden Wuerttemberg,married,12,parttime,1999
488,Hauptschule,1988,female,4,3,90392.85878197744,5,Baden Wuerttemberg,married,12,parttime,2002
489,Realschule,1983,female,1,1,38664.98856080017,3,Baden Wuerttemberg,single,11,parttime,1997
490,Realschule,1986,male,2,1,69896.03309136796,4,Baden Wuerttemberg,married,9,parttime,2000
491,Gymnasium,1986,female,4,4,86688.4711175817,4,Baden Wuerttemberg,married,10.5,fulltime,2000
492,Gymnasium,1984,female,2,2,87409.88092488478,4,Baden Wuerttemberg,married,15,parttime,1998
493,Gymnasium,1983,male,2,1,79999.97254228884,4,Bayern,married,16,none,1997
494,Gymnasium,1987,male,2,1,69836.1997853157,4,Bayern,married,15,parttime,2001
495,Gymnasium,1988,female,3,1,59957.10897183671,5,Baden Wuerttemberg,divorced,11.5,parttime,2002
496,Gymnasium,1985,female,3,3,109643.0356123437,5,Bayern,married,16,parttime,1999
497,Realschule,1981,female,3,2,85887.95146153527,5,Bayern,married,16,none,1995
498,Realschule,1987,female,1,1,139762.93991516394,4,Bayern,married,12,parttime,2001
499,Gymnasium,1988,female,1,1,43228.4215322053,2,Bayern,widowed,12,parttime,2002
500,Realschule,1980,female,2,2,26459.2237311758,2,Bayern,separated,9,parttime,1994
501,Realschule,1980,male,2,2,70574.34944939498,4,Bayern,married,10.5,parttime,1994
502,Gymnasium,1985,female,2,2,102317.03431448813,4,Bayern,married,11.5,none,1999
503,Gymnasium,1983,female,2,1,104880.25308807867,4,Bayern,married,11.5,none,1997
504,Gymnasium,1988,female,2,1,65334.12605854028,4,Bayern,married,12,none,2002
505,Hauptschule,1986,female,3,3,118583.03160759664,5,Bayern,married,10.5,parttime,2000
506,Realschule,1981,male,3,2,65328.58092832804,5,Bayern,married,9,parttime,1995
507,Hauptschule,1983,male,1,1,16416.000397025324,2,Bayern,divorced,10.5,none,1997
508,Gymnasium,1982,female,2,1,108004.96115929351,4,Baden Wuerttemberg,married,14.5,parttime,1996
509,Gymnasium,1984,female,2,2,95700.96396860646,4,Baden Wuerttemberg,married,14.5,parttime,1998
510,Gymnasium,1981,male,2,2,92769.02848413997,4,Bayern,married,10,parttime,1995
511,Hauptschule,1982,male,3,3,61187.60439346819,5,Bayern,married,10.5,parttime,1996
512,Hauptschule,1982,female,1,1,80655.33684014258,4,Bayern,married,11.5,parttime,1996
513,Realschule,1982,male,1,1,27231.004462855166,3,Bayern,married,10.5,parttime,1996
514,Hauptschule,1987,male,4,1,86626.81931494213,6,Bayern,married,10,none,2001
515,Realschule,1987,female,2,2,72075.1684035918,4,Bayern,married,10.5,parttime,2001
516,Hauptschule,1984,female,2,1,44717.67698770775,4,Bayern,married,10.5,parttime,1998
517,Realschule,1983,female,3,3,91437.45043054996,5,Bayern,married,14,fulltime,1997
518,Hauptschule,1980,female,4,2,64296.9889940499,6,Bayern,married,9,parttime,1994
519,Hauptschule,1988,male,4,4,99386.926119182,5,Bayern,married,9,fulltime,2002
520,Realschule,1984,male,4,3,82333.78052647086,6,Bayern,married,9,fulltime,1998
521,Gymnasium,1981,male,3,2,87004.60735779972,5,Bayern,married,12,parttime,1995
522,Gymnasium,1986,male,3,2,26970.666047492487,6,Bayern,married,10.5,none,2000
523,Hauptschule,1983,male,2,2,118277.06730407495,4,Bayern,married,11.5,parttime,1997
524,Hauptschule,1987,female,2,1,71092.33541253486,4,Bayern,married,10.5,none,2001
525,Hauptschule,1982,female,2,2,30041.474992681673,3,Bayern,married,10.5,fulltime,1996
526,Hauptschule,1986,male,5,1,104967.3079928577,7,Bayern,married,9,none,2000
527,Gymnasium,1987,female,5,2,106424.44163547225,7,Bayern,married,9,none,2001
528,Hauptschule,1980,male,2,1,41580.495036463304,4,Bayern,married,10.5,parttime,1994
529,Realschule,1983,female,2,2,45041.160625330405,4,Bayern,married,10.5,parttime,1997
530,Hauptschule,1984,female,1,1,54017.958678534786,3,Bayern,married,11.5,fulltime,1998
531,Gymnasium,1982,female,2,1,69806.968070212,4,Bayern,married,11.5,parttime,1996
532,Hauptschule,1984,female,2,2,105918.98643201671,4,Bayern,married,11.5,none,1998
533,Gymnasium,1981,female,1,1,64718.580060265194,3,Bayern,married,13,none,1995
534,Hauptschule,1983,female,3,3,78973.3678798061,5,Bayern,married,10.5,parttime,1997
535,Hauptschule,1981,male,3,2,39508.88916458425,5,Bayern,married,10.5,none,1995
536,Hauptschule,1983,female,3,3,89592.04508059454,5,Bayern,married,10.5,parttime,1997
537,Hauptschule,1980,male,3,2,62124.680030804084,5,Bayern,married,10.5,none,1994
538,Realschule,1983,female,2,1,50423.410017214184,4,Bayern,married,10.5,none,1997
539,Realschule,1983,male,1,1,63762.98954082483,3,Bayern,married,10,parttime,1997
540,Realschule,1980,male,3,3,19341.447432640663,3,Bayern,married,9,none,1994
541,Gymnasium,1986,male,3,3,15188.516756364577,5,Bayern,married,10,none,2000
542,Hauptschule,1980,female,2,2,71197.77306708068,4,Bayern,married,15,none,1994
543,Hauptschule,1983,female,2,1,44047.19738835518,4,Bayern,married,9,none,1997
544,Realschule,1981,female,1,1,34390.99256056801,2,Bayern,divorced,9,fulltime,1995
545,Hauptschule,1981,female,2,2,7468.37852315979,4,Bayern,married,10.5,none,1995
546,Hauptschule,1982,female,2,1,44644.30067023372,4,Bayern,married,11,none,1996
547,Hauptschule,1985,female,2,1,84709.4933092451,4,Bayern,married,10.5,none,1999
548,Realschule,1987,male,2,1,75392.56800978119,4,Bayern,married,11.5,parttime,2001
549,Gymnasium,1981,female,2,2,65436.01584460726,4,Bayern,married,12,fulltime,1995
550,Hauptschule,1981,female,1,1,53878.01799136488,3,Bayern,married,9,parttime,1995
551,Hauptschule,1987,male,1,1,65779.5158022438,3,Bayern,married,10.5,none,2001
552,Hauptschule,1980,female,2,2,76216.77200515989,4,Bayern,married,10,parttime,1994
553,Hauptschule,1984,female,2,2,36127.344970945735,3,Bayern,divorced,10,fulltime,1998
554,Gymnasium,1987,female,2,1,65869.97509490685,4,Bayern,married,11,fulltime,2001
555,Realschule,1987,male,2,1,89679.32347187509,4,Bayern,married,12,fulltime,2001
556,Gymnasium,1983,female,3,3,80319.9772049857,4,Bayern,married,11.5,none,1997
557,Hauptschule,1986,male,3,2,40157.824659747195,5,Bayern,married,10.5,none,2000
558,Hauptschule,1984,male,3,1,38166.997683698915,5,Bayern,married,10.5,none,1998
559,Hauptschule,1987,male,2,2,52459.85941722639,4,Bayern,married,9,parttime,2001
560,Realschule,1985,female,2,1,47831.9809746764,4,Bayern,married,9,none,1999
561,Hauptschule,1981,female,1,1,26646.993123679465,2,Bayern,single,10.5,fulltime,1995
562,Realschule,1980,male,2,1,41348.41433916283,4,Bayern,married,11.5,parttime,1994
563,Realschule,1982,female,2,2,58597.9264334162,4,Bayern,married,11.5,none,1996
564,Hauptschule,1981,female,2,1,43217.003484018875,4,Bayern,married,11,parttime,1995
565,Hauptschule,1985,male,2,2,45938.98008172797,4,Bayern,married,11,parttime,1999
566,Gymnasium,1982,female,2,2,96480.16700306012,5,Bayern,married,13,parttime,1996
567,Realschule,1981,male,1,1,35264.147057199814,2,Bayern,divorced,11,fulltime,1995
568,Gymnasium,1983,female,2,1,34987.617116565,3,Bayern,separated,10.5,parttime,1997
569,Hauptschule,1985,female,2,2,39773.749365075775,3,Bayern,separated,10.5,parttime,1999
570,Gymnasium,1984,female,2,2,62145.242041838894,4,Bayern,married,10.5,none,1998
571,Realschule,1981,male,2,1,57578.20289067162,4,Bayern,married,10.5,parttime,1995
572,Hauptschule,1985,male,3,2,67978.86801160262,5,Bayern,married,10.5,parttime,1999
573,Hauptschule,1988,male,3,3,83552.62283782293,5,Bayern,married,11,parttime,2002
574,Gymnasium,1983,female,4,1,58515.7238725433,6,Bayern,married,14,none,1997
575,Gymnasium,1988,female,4,2,83311.69380660148,6,Bayern,married,12,parttime,2002
576,Gymnasium,1985,female,3,2,120394.5136911327,4,Bayern,widowed,18,parttime,1999
577,Gymnasium,1981,male,3,1,120300.51515473517,4,Bayern,widowed,18,parttime,1995
578,Gymnasium,1987,female,3,3,126080.9513902913,4,Bayern,widowed,18,parttime,2001
579,Hauptschule,1980,female,6,5,118268.49498183707,8,Bayern,married,10.5,parttime,1994
580,Gymnasium,1981,male,1,1,60065.33306641015,3,Bayern,married,10.5,parttime,1995
581,Hauptschule,1984,female,3,3,79657.0057088515,4,Bayern,married,10.5,parttime,1998
582,Gymnasium,1980,male,3,3,102540.8279048638,5,Bayern,married,14.5,fulltime,1994
583,Hauptschule,1983,female,1,1,15295.004683638246,2,Bayern,divorced,10.5,parttime,1997
584,Realschule,1988,male,1,1,66994.1749993032,4,Bayern,married,10.5,none,2002
585,Gymnasium,1988,male,3,3,125059.3439712545,5,Bayern,married,12,parttime,2002
586,Gymnasium,1986,male,3,2,125798.70339825159,5,Bayern,married,12,parttime,2000
587,Gymnasium,1983,male,3,1,76588.08128542078,5,Bayern,married,12,parttime,1997
588,Gymnasium,1980,female,2,2,52398.50897465673,4,Bayern,married,10.5,parttime,1994
589,Hauptschule,1986,female,2,2,112667.19389963457,4,Bayern,married,12,none,2000
590,Gymnasium,1982,male,2,1,91566.51251871958,4,Bayern,married,12,none,1996
591,Gymnasium,1988,female,1,1,114299.32311185765,3,Bayern,married,9,none,2002
592,Hauptschule,1983,female,2,2,65576.76467012976,4,Bayern,married,10.5,parttime,1997
593,Hauptschule,1981,female,2,1,64640.67406289121,4,Bayern,married,10.5,parttime,1995
594,Realschule,1986,female,1,1,45091.445553789825,3,Baden Wuerttemberg,married,11.5,fulltime,2000
595,Hauptschule,1988,male,2,2,99189.02744252683,4,Bayern,married,10.5,parttime,2002
596,Hauptschule,1983,male,2,2,62953.09153520695,4,Bayern,married,9,parttime,1997
597,Hauptschule,1988,female,2,1,77251.80746110383,4,Bayern,married,10,parttime,2002
598,Hauptschule,1981,female,3,1,42751.41029056394,5,Bayern,married,10.5,fulltime,1995
599,Hauptschule,1984,female,3,3,66451.14517774121,5,Bayern,married,10.5,fulltime,1998
600,Hauptschule,1981,female,3,2,42751.41029056394,5,Bayern,married,10.5,fulltime,1995
601,Realschule,1982,female,3,1,10473.566823669287,4,Bayern,separated,11,none,1996
602,Gymnasium,1981,female,3,3,71725.39631551926,5,Bayern,married,10.5,fulltime,1995
603,Gymnasium,1983,female,3,3,107007.49356259526,5,Bayern,married,18,fulltime,1997
604,Realschule,1981,male,3,2,96295.67822815885,5,Bayern,married,18,parttime,1995
605,Hauptschule,1988,male,3,3,124671.49764576282,5,Bayern,married,11.5,parttime,2002
606,Hauptschule,1981,male,3,2,80648.33752184914,5,Bayern,married,11.5,parttime,1995
607,Realschule,1984,female,2,2,60441.997695719256,4,Bayern,married,10.5,none,1998
608,Hauptschule,1981,male,2,1,55040.88577959147,4,Bayern,married,10.5,none,1995
609,Realschule,1987,male,2,1,74537.67223560062,4,Bayern,married,10.5,parttime,2001
610,Hauptschule,1983,male,1,1,32109.810496728704,2,Bayern,separated,10.5,fulltime,1997
611,Realschule,1981,male,1,1,69938.3070748296,3,Bayern,married,10.5,parttime,1995
612,Realschule,1987,male,2,1,60687.24174474574,4,Bayern,married,11.5,none,2001
613,Hauptschule,1981,male,1,1,48519.98363118951,2,Bayern,divorced,10,parttime,1995
614,Hauptschule,1980,male,2,2,57407.026161512455,4,Bayern,married,10.5,parttime,1994
615,Realschule,1988,female,1,1,25675.74863977164,2,Bayern,divorced,12,parttime,2002
616,Hauptschule,1988,female,2,2,36631.72155659295,4,Bayern,divorced,9,parttime,2002
617,Hauptschule,1986,male,2,1,35936.01508832986,3,Bayern,married,9,fulltime,2000
618,Realschule,1988,female,1,1,132063.42247970792,3,Bayern,married,10.5,parttime,2002
619,Gymnasium,1982,male,2,2,119554.0144433594,4,Bayern,married,11.5,parttime,1996
620,Hauptschule,1983,female,5,3,38434.442995081874,7,Bayern,married,9,none,1997
621,Hauptschule,1982,female,5,2,7470.850405212611,7,Bayern,married,9,none,1996
622,Hauptschule,1984,male,2,2,49940.105370181445,3,Bayern,divorced,10.5,fulltime,1998
623,Realschule,1987,male,1,1,87393.29374777248,3,Bayern,married,10.5,none,2001
624,Hauptschule,1981,male,3,1,68452.9926328191,3,Bayern,married,12,fulltime,1995
625,Gymnasium,1987,female,1,1,47372.15963516186,3,Bayern,single,10.5,fulltime,2001
626,Realschule,1986,male,2,1,33853.99971516621,3,Hessen,divorced,11,none,2000
627,Gymnasium,1987,female,2,1,73535.00388640816,5,Rheinland-Pfalz/Saarland,married,11.5,none,2001
628,Gymnasium,1987,female,2,1,66866.45176661757,4,Baden Wuerttemberg,married,12,parttime,2001
629,Hauptschule,1984,male,5,1,18877.28391831357,4,Bayern,divorced,9,none,1998
630,Hauptschule,1987,female,5,3,40858.00055145368,4,Bayern,divorced,9,none,2001
631,Gymnasium,1987,male,2,2,84240.06308593266,4,Berlin,divorced,18,fulltime,2001
632,Realschule,1981,female,2,1,60079.99924459793,4,Baden Wuerttemberg,married,9,none,1995
633,Hauptschule,1986,male,2,2,74739.32737678941,3,Baden Wuerttemberg,married,9,parttime,2000
634,Hauptschule,1985,female,3,1,37828.72208012537,5,Bayern,married,10.5,none,1999
635,Hauptschule,1986,male,3,2,41403.775755684925,5,Bayern,married,10.5,none,2000
636,Hauptschule,1985,female,2,1,55589.72124449432,4,Niedersachsen,married,18,none,1999
637,Realschule,1986,male,1,1,44699.81184139463,3,Nordrhein-Westfalen,divorced,11.5,fulltime,2000
638,Realschule,1985,male,1,1,42141.949239534966,3,Hessen,married,10.5,none,1999
639,Realschule,1987,female,2,1,96110.99227846219,4,Baden Wuerttemberg,married,12,none,2001
640,Gymnasium,1988,male,2,1,61054.82043968334,4,Nordrhein-Westfalen,married,11.5,parttime,2002
641,Hauptschule,1986,male,2,1,57902.64832194519,4,Hessen,married,9,parttime,2000
642,Hauptschule,1987,male,3,1,74104.46654521646,5,Bayern,married,12,none,2001
643,Realschule,1987,male,1,1,32019.84595171521,2,Baden Wuerttemberg,divorced,10.5,none,2001
644,Realschule,1988,female,3,2,56741.51484102286,5,Baden Wuerttemberg,married,10.5,fulltime,2002
645,Hauptschule,1986,male,3,1,61663.917373262266,5,Baden Wuerttemberg,married,10.5,fulltime,2000
646,Hauptschule,1987,male,1,1,22539.993371809822,3,Baden Wuerttemberg,married,11,fulltime,2001
647,Gymnasium,1988,male,2,1,96065.26552578305,4,Nordrhein-Westfalen,married,10.5,none,2002
648,Gymnasium,1986,male,2,1,62437.398405594075,4,Nordrhein-Westfalen,married,10.5,none,2000
649,Gymnasium,1985,female,2,2,87997.95842124251,6,Nordrhein-Westfalen,married,18,parttime,1999
650,Gymnasium,1983,female,2,1,75947.00408810689,6,Nordrhein-Westfalen,married,18,parttime,1997
651,Gymnasium,1987,female,2,1,123638.55183351123,4,Nordrhein-Westfalen,married,18,parttime,2001
652,Gymnasium,1986,male,1,1,75002.23051860028,3,Nordrhein-Westfalen,married,9,none,2000
653,Hauptschule,1982,female,1,1,34296.10844866231,3,Niedersachsen,married,10.5,none,1996
654,Realschule,1988,female,2,1,60998.59962429034,4,Nordrhein-Westfalen,divorced,11.5,parttime,2002
655,Hauptschule,1988,male,1,1,42139.939802712404,3,Baden Wuerttemberg,married,10.5,parttime,2002
656,Hauptschule,1981,female,5,3,61596.97223077633,7,Hessen,single,9,none,1995
657,Hauptschule,1988,male,5,4,78977.7362632318,8,Hessen,separated,9,none,2002
658,Hauptschule,1980,male,5,2,50663.890244505026,7,Hessen,single,9,none,1994
659,Hauptschule,1982,female,1,1,33023.63354444717,2,Bayern,divorced,11.5,fulltime,1996
660,Realschule,1981,female,2,2,84045.54969647745,4,Hessen,married,10.5,parttime,1995
661,Gymnasium,1986,female,2,1,130481.65022056065,5,Niedersachsen,married,15,none,2000
662,Realschule,1982,female,2,2,48891.57744439935,3,Nordrhein-Westfalen,married,10.5,parttime,1996
663,Hauptschule,1981,female,3,1,32495.995541103242,5,Niedersachsen,separated,9,none,1995
664,Realschule,1987,male,2,1,72664.64207379697,4,Hessen,divorced,10.5,none,2001
665,Realschule,1988,female,3,1,28778.080146880286,4,Hessen,divorced,9,none,2002
666,Gymnasium,1988,male,1,1,89971.69540586273,3,Nordrhein-Westfalen,married,11.5,parttime,2002
667,Hauptschule,1980,male,1,1,64058.352548027135,3,Baden Wuerttemberg,divorced,7,fulltime,1994
668,Hauptschule,1983,female,4,2,83406.61379226026,7,Rheinland-Pfalz/Saarland,married,11.5,none,1997
669,Gymnasium,1984,female,4,1,66491.01859583685,7,Rheinland-Pfalz/Saarland,married,11.5,none,1998
670,Realschule,1987,male,3,1,70079.65015094516,5,Berlin,married,11.5,none,2001
671,Realschule,1986,female,3,1,163592.93045971353,5,Schleswig-Holstein,married,12,parttime,2000
672,Hauptschule,1987,female,2,2,13790.686771237797,2,Rheinland-Pfalz/Saarland,divorced,15,parttime,2001
673,Hauptschule,1984,male,5,1,63503.01467791226,6,Niedersachsen,married,12,none,1998
674,Gymnasium,1987,male,1,1,47978.267069267145,3,Niedersachsen,married,11.5,none,2001
675,Realschule,1987,female,2,1,31854.24866817304,3,Baden Wuerttemberg,divorced,11.5,parttime,2001
