rownames,visits,exposure,children,age,income,health1,health2,access,married,gender,ethnicity,school,enroll,program
1,0,100,1,24,14.5,0.495,-0.854,0.5,no,female,cauc,13,yes,afdc
2,1,90,3,19,6,0.52,-0.969,0.17,no,female,cauc,11,yes,afdc
3,0,106,4,17,8.377,-1.227,0.317,0.42,no,female,cauc,12,yes,afdc
4,0,114,2,29,6,-1.524,0.457,0.33,no,female,cauc,12,yes,afdc
5,11,115,1,26,8.5,0.173,-0.599,0.67,no,female,cauc,16,yes,afdc
6,3,102,1,22,6,-0.905,0.062,0.25,no,female,other,12,yes,afdc
7,0,92,2,24,4,-1.202,0.202,0.5,no,female,cauc,11,yes,afdc
8,6,92,1,21,6,0.656,-0.981,0.67,yes,female,cauc,11,yes,afdc
9,1,117,1,21,6,-1.227,0.317,0.25,no,female,cauc,12,yes,afdc
10,0,101,1,24,6,-0.235,-0.562,0.67,yes,female,cauc,15,yes,afdc
11,1,90,1,22,6,0.359,-0.842,0.5,no,female,other,12,yes,afdc
12,0,111,1,20,6,-0.719,-0.18,0.17,no,female,cauc,12,yes,afdc
13,15,91,1,34,4,-0.471,-0.09,0.67,no,female,cauc,13,yes,afdc
14,5,117,2,21,6,-0.26,-0.447,0.58,no,female,other,9,yes,afdc
15,3,114,1,34,4,0.198,-0.714,0.67,no,female,cauc,18,yes,afdc
16,2,115,1,21,2.5,-0.31,-0.217,0.58,no,female,other,11,yes,afdc
17,0,101,1,37,6,-1.524,0.457,0.58,no,female,cauc,0,yes,afdc
18,1,111,1,30,8.5,-0.285,-0.332,0.58,no,female,other,13,yes,afdc
19,0,91,2,26,6,0.223,-0.829,0.42,no,female,other,10,yes,afdc
20,0,90,2,18,6,-1.363,0.329,0.42,yes,female,cauc,8,yes,afdc
21,0,110,4,42,8.5,0.581,-0.637,0.42,no,female,other,10,yes,afdc
22,1,103,3,24,8.5,-1.202,0.202,0.17,no,female,cauc,12,yes,afdc
23,3,107,2,33,6,0.631,-0.867,0.17,no,female,cauc,11,yes,afdc
24,2,113,2,26,6,1.71,1.963,0.58,no,female,cauc,12,yes,afdc
25,0,116,6,26,14.5,-0.633,0.037,0.5,no,female,other,11,yes,afdc
26,1,113,2,37,11.5,-0.608,-0.078,0.25,yes,female,other,14,yes,afdc
27,0,98,3,26,8.5,-1.066,0.189,0.67,no,female,cauc,10,yes,afdc
28,1,113,4,26,14.5,0.978,-1.236,0.17,no,female,other,12,yes,afdc
29,0,119,4,20,8.5,0.657,2.51,0.5,no,female,other,11,yes,afdc
30,2,112,3,26,8.5,0.928,-1.006,0.5,no,female,other,11,yes,afdc
31,3,113,4,27,11.5,1.003,-1.351,0.33,yes,female,other,12,yes,afdc
32,0,106,4,34,6,-1.041,0.075,0.5,no,female,cauc,12,yes,afdc
33,1,109,4,37,8.5,1.667,0.982,0.5,no,female,other,12,yes,afdc
34,0,114,1,35,6,1.413,2.103,0.67,no,female,cauc,15,yes,afdc
35,4,95,1,26,6,-1.041,0.075,0.5,no,female,other,13,yes,afdc
36,7,89,1,26,6,1.556,0.879,0.58,no,female,cauc,14,yes,afdc
37,3,97,1,24,7.152,-0.744,-0.065,0.67,no,female,other,14,yes,afdc
38,2,106,1,25,8.5,-0.608,-0.078,0.67,no,female,other,14,yes,afdc
39,2,106,2,35,6,0.75,-0.23,0.5,no,female,cauc,13,yes,afdc
40,5,97,1,36,11.5,-0.583,-0.193,0.5,no,female,cauc,13,yes,afdc
41,0,112,1,21,6,-0.905,0.062,0.75,no,female,cauc,12,yes,afdc
42,0,103,2,25,6,-0.583,-0.193,0.5,no,female,cauc,6,yes,afdc
43,2,96,2,42,8.5,1.989,0.727,0.5,no,female,cauc,12,yes,afdc
44,0,96,1,35,6,-1.524,0.457,0.75,no,female,cauc,14,yes,afdc
45,0,101,1,27,6,-1.524,0.457,0,no,female,other,13,yes,afdc
46,0,94,2,20,6,-1.524,0.457,0.42,no,female,cauc,11,yes,afdc
47,3,92,1,26,6,2.125,0.715,0.25,no,female,cauc,10,yes,afdc
48,0,101,1,25,6,0.173,-0.599,0.17,no,female,cauc,12,yes,afdc
49,2,93,1,46,6,0.978,-1.236,0.58,no,female,cauc,11,yes,afdc
50,0,97,3,56,8.5,-0.31,-0.217,0.58,no,female,cauc,2,yes,afdc
51,2,114,2,41,6,-1.227,0.317,0.75,yes,female,other,2,yes,afdc
52,7,116,3,29,2.5,0.953,-1.121,0.5,no,female,other,13,yes,afdc
53,1,117,2,27,8.5,0.792,-0.994,0.75,no,female,cauc,12,yes,afdc
54,1,98,2,29,6,0.978,-1.236,0.42,no,female,cauc,14,yes,afdc
55,0,120,3,29,11.5,-0.583,-0.193,0.33,no,female,other,12,yes,afdc
56,1,113,2,21,8.5,-1.524,0.457,0.5,no,female,other,15,yes,afdc
57,2,113,2,26,11.5,-0.446,-0.205,0.5,yes,female,cauc,13,yes,afdc
58,1,120,3,26,8.5,-1.227,0.317,0.33,no,female,other,10,yes,afdc
59,3,98,3,39,8.5,3.983,1.277,0.42,no,female,cauc,12,yes,afdc
60,0,102,3,51,4,-0.421,-0.32,0.5,no,female,cauc,6,yes,afdc
61,0,113,5,46,11.5,-1.066,0.189,0.58,no,female,cauc,4,yes,afdc
62,1,92,3,52,8.5,-0.124,-0.46,0,no,female,other,0,yes,afdc
63,0,99,3,29,8.5,-0.421,-0.32,0.5,no,female,other,12,yes,afdc
64,0,113,4,36,8.5,-0.285,-0.332,0.5,no,female,other,12,yes,afdc
65,0,90,3,35,6,-0.93,0.177,0.33,no,female,cauc,4,yes,afdc
66,1,90,1,37,6,0.309,-0.612,0.58,no,female,cauc,16,yes,afdc
67,1,101,1,20,6,-1.524,0.457,0.33,no,female,other,12,yes,afdc
68,2,101,1,25,6,1.251,0.485,0,no,female,other,10,yes,afdc
69,1,103,4,19,6,-0.421,-0.32,0.25,no,female,cauc,12,yes,afdc
70,1,89,3,22,8.5,2.15,2.346,0.17,no,female,other,10,yes,afdc
71,2,120,1,57,6,2.676,-0.546,0.17,no,female,cauc,10,yes,afdc
72,2,115,2,38,6.85,0.792,-0.994,0.42,no,female,other,12,yes,afdc
73,0,112,2,33,8.5,-1.363,0.329,0.33,no,female,other,14,yes,afdc
74,0,101,2,31,8.5,0.842,-1.224,0.58,no,female,cauc,8,yes,afdc
75,0,101,2,32,8.5,2.422,0.575,0.5,no,female,cauc,12,yes,afdc
76,0,104,3,38,8.5,-1.202,0.202,0.42,no,female,other,12,yes,afdc
77,3,92,2,52,8.5,2.694,0.55,0.42,yes,female,other,6,yes,afdc
78,0,115,2,28,6,-1.227,0.317,0.42,no,female,other,12,yes,afdc
79,1,104,3,31,8.5,-1.066,0.189,0.5,no,female,cauc,6,yes,afdc
80,1,91,5,20,8.5,-1.202,0.202,0.58,no,female,other,10,yes,afdc
81,0,91,3,36,8.5,2.192,-1.91,0.17,yes,female,other,9,yes,afdc
82,4,100,3,37,8.554,-0.769,0.05,0.58,no,female,cauc,8,yes,afdc
83,0,115,3,41,8.5,-1.202,0.202,0.83,yes,female,other,0,yes,afdc
84,2,103,5,50,6,1.437,-1.503,0.5,no,female,cauc,6,yes,afdc
85,0,98,1,22,2.5,-0.719,-0.18,0.33,no,female,other,10,yes,afdc
86,1,91,1,20,6.931,-0.744,-0.065,0.58,no,female,other,12,yes,afdc
87,0,102,1,21,6,-1.227,0.317,0.5,yes,female,cauc,12,yes,afdc
88,0,97,1,20,6.931,-0.93,0.177,0.5,no,female,other,7,yes,afdc
89,0,94,3,24,4,0.173,-0.599,0.5,no,female,cauc,12,yes,afdc
90,0,90,4,20,17.5,-0.31,-0.217,0.17,no,female,other,11,yes,afdc
91,1,118,4,54,8.5,0.792,-0.994,0.33,no,female,other,11,yes,afdc
92,6,106,2,30,8.5,0.953,-1.121,0.67,no,female,other,13,yes,afdc
93,3,96,2,46,8.5,-0.608,-0.078,0.5,yes,female,other,4,yes,afdc
94,0,92,2,26,8.5,-1.363,0.329,0.42,no,female,other,11,yes,afdc
95,0,100,7,27,6,-0.583,-0.193,0.33,no,female,other,12,yes,afdc
96,2,100,3,27,8.5,-0.905,0.062,0.58,no,female,other,9,yes,afdc
97,0,117,4,34,8.5,-0.471,-0.09,0.33,yes,female,other,12,yes,afdc
98,0,93,3,33,11.5,0.148,-0.485,0.42,yes,female,cauc,13,yes,afdc
99,2,116,3,29,8.5,0.681,-1.096,0.5,no,female,other,5,yes,afdc
100,3,105,3,24,8.5,0.037,-0.587,0.33,no,female,other,14,yes,afdc
101,2,116,3,30,8.5,-0.744,-0.065,0.5,no,female,other,11,yes,afdc
102,2,110,4,36,6,-1.524,0.457,0.5,no,female,cauc,16,yes,afdc
103,0,113,2,35,8.5,-0.583,-0.193,0.5,no,female,cauc,14,yes,afdc
104,0,108,3,19,2.5,0.359,-0.842,0.17,yes,female,cauc,10,yes,afdc
105,0,97,1,37,6,-1.363,0.329,0.42,no,female,cauc,10,yes,afdc
106,1,120,1,36,8.5,1.549,2.091,0.5,no,female,cauc,16,yes,afdc
107,0,90,3,27,6,-1.524,0.457,0.67,no,female,cauc,12,yes,afdc
108,0,102,1,32,17.5,-1.524,0.457,0.5,no,female,cauc,16,yes,afdc
109,6,98,1,43,1.5,3.5,1.659,0.67,no,female,other,13,yes,afdc
110,0,99,1,22,17.5,-1.363,0.329,0.5,no,female,cauc,12,yes,afdc
111,0,98,5,35,8.5,-1.524,0.457,0.67,no,female,cauc,0,yes,afdc
112,0,104,1,31,8.554,-1.363,0.329,0.5,no,female,cauc,12,yes,afdc
113,2,120,1,27,8.5,-0.583,-0.193,0.42,no,female,cauc,15,yes,afdc
114,0,112,1,35,8.554,-0.489,0.559,0.58,no,female,cauc,11,yes,afdc
115,2,100,1,20,6,-0.608,-0.078,0.58,no,female,cauc,12,yes,afdc
116,0,104,2,27,6,-0.905,0.062,0.75,no,female,cauc,12,yes,afdc
117,1,99,2,19,11.5,-1.202,0.202,0.42,no,female,cauc,12,yes,afdc
118,0,98,1,30,17.5,-1.041,0.075,0.5,no,female,cauc,14,yes,afdc
119,0,97,9,42,14.5,-1.227,0.317,0.67,no,female,cauc,13,yes,afdc
120,0,97,4,53,14.5,-0.421,-0.32,0.5,yes,female,other,8,yes,afdc
121,0,110,1,21,2.5,-0.31,-0.217,0.33,no,female,cauc,12,yes,afdc
122,1,100,1,33,8.5,-1.066,0.189,0,no,female,cauc,14,yes,afdc
123,0,102,3,23,17.5,-1.363,0.329,0.58,no,female,cauc,10,yes,afdc
124,0,102,1,24,7.15,-1.524,0.457,0.5,no,female,other,11,yes,afdc
125,0,101,1,27,8.375,-1.066,0.189,0.5,no,female,cauc,12,yes,afdc
126,0,102,2,23,17.5,-1.202,0.202,0.75,no,female,other,13,yes,afdc
127,0,90,3,24,8.377,-0.174,-0.23,0.5,no,female,cauc,11,yes,afdc
128,1,109,2,26,14.5,-1.202,0.202,0.75,no,female,cauc,13,yes,afdc
129,0,96,2,17,17.5,-1.202,0.202,0.58,no,female,cauc,11,yes,afdc
130,4,105,1,35,6,0.012,-0.472,0.5,no,female,cauc,6,yes,afdc
131,0,114,3,24,6,-1.363,0.329,0.58,no,female,cauc,13,yes,afdc
132,0,101,1,52,13.375,-0.192,0.419,0.5,no,female,other,0,yes,afdc
133,0,94,1,25,8.377,0.309,-0.612,0.17,no,female,cauc,13,yes,afdc
134,0,120,1,22,8.5,-0.905,0.062,0.67,no,female,cauc,15,yes,afdc
135,1,90,1,41,8.5,-0.013,-0.357,0.5,no,female,other,14,yes,afdc
136,0,118,1,24,6,-0.719,-0.18,0.42,no,female,other,6,yes,afdc
137,2,113,1,35,11.5,-1.363,0.329,0.42,no,female,cauc,15,yes,afdc
138,5,101,2,27,6,-0.192,0.419,0.25,no,female,other,13,yes,afdc
139,0,102,2,31,8.5,-1.363,0.329,0.58,no,male,other,6,yes,afdc
140,0,100,4,54,17.5,-0.421,-0.32,0.17,yes,female,other,0,yes,afdc
141,2,100,3,24,11.5,0.47,-0.739,0.25,no,female,cauc,11,yes,afdc
142,1,113,2,44,8.5,0.471,1.007,0.67,no,female,cauc,17,yes,afdc
143,0,107,2,26,8.5,0.792,-0.994,0.17,no,male,cauc,18,yes,afdc
144,0,102,4,41,11.5,-0.421,-0.32,0.58,yes,female,other,0,yes,afdc
145,0,101,2,31,8.5,0.792,-0.994,0.33,no,female,cauc,10,yes,afdc
146,1,103,3,27,8.5,-0.557,-0.307,0.17,no,female,cauc,14,yes,afdc
147,8,115,3,28,14.5,2.217,-2.025,0.67,no,female,cauc,15,yes,afdc
148,0,101,6,37,11.5,0.979,0.51,0.5,yes,female,other,3,yes,afdc
149,0,111,2,47,8.5,0.47,-0.739,0.17,no,female,cauc,11,yes,afdc
150,9,93,1,23,17.5,-1.202,0.202,0.08,no,female,cauc,13,yes,afdc
151,0,120,2,36,6,-0.769,0.05,0.5,no,female,cauc,12,yes,afdc
152,0,107,1,24,8.5,-0.905,0.062,0.5,no,female,cauc,12,yes,afdc
153,4,109,1,18,6,-0.88,-0.053,0.75,no,female,cauc,12,yes,afdc
154,3,116,4,45,14.5,-0.421,-0.32,0.33,no,female,other,0,yes,afdc
155,0,39,1,36,6,1.505,1.109,0.08,no,female,other,13,yes,afdc
156,0,111,3,19,4,-1.227,0.317,0.42,no,female,cauc,10,yes,afdc
157,0,107,1,33,6,-1.066,0.189,0.5,no,female,cauc,12,yes,afdc
158,0,109,1,31,6,0.037,-0.587,0.17,no,female,cauc,12,yes,afdc
159,0,116,1,50,17.5,0.446,1.121,0.5,no,female,other,3,yes,afdc
160,0,97,2,36,8.5,-1.202,0.202,0.5,no,female,cauc,15,yes,afdc
161,3,115,3,31,14.5,-0.719,-0.18,0.5,no,female,cauc,12,yes,afdc
162,10,106,2,25,8.5,2.082,1.479,0.67,no,female,cauc,15,yes,afdc
163,16,120,2,28,17.5,-1.066,0.189,0,no,female,cauc,13,yes,afdc
164,0,118,2,24,8.5,-1.363,0.329,0.33,yes,female,other,5,yes,afdc
165,8,118,3,47,8.5,0.631,-0.867,0,no,female,other,12,yes,afdc
166,0,109,3,34,6,-0.608,-0.078,0.58,yes,female,other,7,yes,afdc
167,6,113,2,29,4,2.931,1.824,0.17,no,female,other,0,yes,afdc
168,0,100,2,37,11.5,-0.744,-0.065,0.75,no,female,other,13,yes,afdc
169,0,113,4,38,8.5,-0.88,-0.053,0,no,female,other,14,yes,afdc
170,0,113,6,42,11.5,-1.524,0.457,0.42,yes,female,other,0,yes,afdc
171,0,120,5,43,11.5,0.335,1.019,0.17,yes,female,other,0,yes,afdc
172,0,108,5,38,11.5,-0.769,0.05,0.58,yes,female,cauc,11,yes,afdc
173,1,108,3,48,11.5,1.734,0.103,0.08,yes,female,other,12,yes,afdc
174,0,103,4,24,2.5,0.062,-0.702,0.58,no,female,other,10,yes,afdc
175,0,111,4,30,11.5,-1.363,0.329,0.17,no,female,cauc,11,yes,afdc
176,0,103,4,23,8.5,-1.363,0.329,0.33,no,female,other,12,yes,afdc
177,0,106,4,38,8.5,0.105,0.28,0.42,no,female,cauc,6,yes,afdc
178,0,96,3,36,14.5,-0.905,0.062,0.25,no,female,other,10,yes,afdc
179,0,96,6,35,11.5,0.402,0.14,0.25,no,female,cauc,11,yes,afdc
180,2,99,1,42,6,-1.041,0.075,0.25,no,female,cauc,11,yes,afdc
181,0,103,4,22,6,0.012,-0.472,0,no,female,cauc,10,yes,afdc
182,2,106,1,28,6,-1.202,0.202,0.33,no,female,cauc,13,yes,afdc
183,24,99,1,32,8.5,5.774,0.973,0.5,no,female,cauc,14,yes,afdc
184,0,102,1,23,6,-1.227,0.317,0.5,no,female,cauc,9,yes,afdc
185,4,101,2,32,8.5,2.217,-2.025,0.25,yes,female,cauc,12,yes,afdc
186,0,103,2,50,6,3.246,1.035,0.58,no,female,other,16,yes,afdc
187,1,106,2,39,11.5,-0.633,0.037,0.58,no,female,cauc,12,yes,afdc
188,3,103,2,32,6,-0.31,-0.217,0.33,no,female,cauc,12,yes,afdc
189,5,106,3,30,6,0.495,-0.854,0.33,no,female,cauc,11,yes,afdc
190,1,99,2,25,8.5,-0.769,0.05,0.17,no,female,other,11,yes,afdc
191,1,100,5,29,11.5,-0.446,-0.205,0.33,no,female,cauc,8,yes,afdc
192,1,106,4,31,8.5,-1.066,0.189,0,no,female,other,14,yes,afdc
193,0,100,3,28,8.5,-0.285,-0.332,0.08,no,female,cauc,9,yes,afdc
194,1,100,1,26,8.5,0.496,0.892,0.33,no,female,cauc,12,yes,afdc
195,1,96,1,29,6,-0.744,-0.065,0.17,no,female,cauc,17,yes,afdc
196,0,97,1,24,8.5,-1.524,0.457,0.42,no,female,cauc,12,yes,afdc
197,1,108,2,55,6,2.515,1.327,0.33,no,female,cauc,12,yes,afdc
198,0,97,1,18,6,-1.524,0.457,0,no,female,other,12,yes,afdc
199,2,93,1,35,6,-1.202,0.202,0.67,yes,female,cauc,12,yes,afdc
200,1,100,1,33,6,3.686,-0.329,0.5,no,female,cauc,12,yes,afdc
201,3,94,2,38,8.5,2.193,-0.164,0.08,no,male,cauc,14,yes,afdc
202,0,96,2,31,6,-1.066,0.189,0.5,no,female,cauc,13,yes,afdc
203,0,97,2,24,8.5,-1.524,0.457,0,yes,female,cauc,12,yes,afdc
204,5,107,4,31,8.5,-1.363,0.329,0.33,no,female,cauc,10,yes,afdc
205,0,99,2,42,14.5,-0.769,0.05,0.5,no,female,cauc,10,yes,afdc
206,1,100,1,21,4,-1.202,0.202,0.5,no,female,cauc,12,yes,afdc
207,1,100,1,41,8.5,-0.769,0.05,0.5,yes,female,cauc,8,yes,afdc
208,0,99,1,36,11.5,-0.744,-0.065,0.25,no,female,other,6,yes,afdc
209,2,106,1,55,8.5,3.712,3.048,0.33,yes,female,cauc,0,yes,afdc
210,3,102,1,23,11.5,-0.099,-0.575,0.5,no,female,cauc,10,yes,afdc
211,0,102,1,26,6,-1.363,0.329,0.17,no,female,cauc,12,yes,afdc
212,0,102,1,30,8.5,1.276,0.37,0.33,no,female,other,12,yes,afdc
213,2,110,1,28,17.5,-1.227,0.317,0.58,no,female,cauc,12,yes,afdc
214,1,99,1,28,6,1.437,-1.503,0.17,no,female,cauc,13,yes,afdc
215,2,107,1,20,8.5,-1.227,0.317,0.33,no,female,cauc,13,yes,afdc
216,1,102,1,27,6,-0.285,-0.332,0.17,no,female,other,14,yes,afdc
217,0,113,2,39,8.5,0.334,-0.727,0.67,no,female,cauc,10,yes,afdc
218,0,100,2,25,11.5,-1.227,0.317,0.33,yes,female,cauc,12,yes,afdc
219,1,102,2,25,8.5,-1.066,0.189,0.5,no,female,cauc,11,yes,afdc
220,2,101,2,31,14.5,-0.608,-0.078,0.17,yes,male,cauc,14,yes,afdc
221,3,101,5,37,14.5,-0.285,1.413,0.67,no,female,cauc,10,yes,afdc
222,1,100,3,29,4,1.003,-1.351,0.25,no,female,cauc,9,yes,afdc
223,0,110,4,37,8.5,2.125,0.715,0.67,no,female,cauc,11,yes,afdc
224,0,108,1,48,6,2.397,0.69,0.33,no,female,cauc,13,yes,afdc
225,0,98,1,48,8.5,0.012,-0.472,0.25,no,female,cauc,8,yes,afdc
226,6,92,1,24,14.5,0.198,-0.714,0.33,no,female,cauc,12,yes,afdc
227,5,114,2,18,8.5,0.817,-1.109,0.75,yes,female,cauc,8,yes,afdc
228,0,114,1,25,6,-1.524,0.457,0.42,no,female,other,11,yes,afdc
229,1,106,4,38,17.5,-0.88,-0.053,0.33,yes,female,cauc,12,yes,afdc
230,0,120,1,20,4,-1.363,0.329,0.42,no,female,cauc,10,yes,afdc
231,1,114,2,24,14.5,-1.363,0.329,0.58,yes,female,cauc,12,yes,afdc
232,0,96,2,29,11.5,-0.217,0.534,0.25,no,female,cauc,14,yes,afdc
233,0,115,2,29,6,0.359,-0.842,0.67,no,female,cauc,13,yes,afdc
234,2,113,3,31,8.5,0.631,-0.867,0.58,no,female,cauc,10,yes,afdc
235,1,114,2,23,6,-1.041,0.075,0.33,no,female,cauc,12,yes,afdc
236,0,113,3,28,8.5,0.223,-0.829,0.33,no,female,cauc,13,yes,afdc
237,0,92,4,28,8.5,-1.202,0.202,0.33,no,female,cauc,12,yes,afdc
238,0,114,5,33,8.5,-0.31,-0.217,0.5,no,female,cauc,11,yes,afdc
239,0,99,1,41,6,-0.446,-0.205,0.58,no,female,cauc,12,yes,afdc
240,0,96,2,23,6,2.54,1.212,0.5,no,female,other,9,yes,afdc
241,1,32,2,25,8.377,-0.88,-0.053,0.25,no,female,cauc,11,yes,afdc
242,1,91,2,51,8.5,5.706,0.106,0.42,no,female,other,9,yes,afdc
243,0,96,3,33,8.5,-0.719,-0.18,0.5,no,female,cauc,12,yes,afdc
244,0,98,2,24,0.5,-1.524,0.457,0.35,no,female,cauc,12,no,afdc
245,5,97,1,23,7.14,-0.285,-0.332,0.33,no,female,cauc,13,no,afdc
246,3,116,5,26,11.5,2.1,0.83,0.35,no,female,cauc,10,no,afdc
247,1,115,3,39,8.5,4.069,-0.251,0.67,no,male,cauc,12,no,afdc
248,7,116,1,32,8.5,1.734,0.103,0.33,no,female,cauc,12,no,afdc
249,0,99,2,28,8.5,0.656,-0.981,0.63,yes,female,other,4,no,afdc
250,0,115,1,25,6,1.964,0.842,0.42,no,female,cauc,10,no,afdc
251,0,118,3,33,8.5,-0.93,0.177,0.36,no,female,cauc,10,no,afdc
252,0,102,2,25,4,-1.363,0.329,0.33,no,female,cauc,9,no,afdc
253,1,99,2,27,6,0.359,-0.842,0,no,female,cauc,10,no,afdc
254,6,101,2,26,6,0.47,-0.739,0.33,no,female,cauc,11,no,afdc
255,4,103,2,31,6,0.037,-0.587,0.08,no,female,cauc,12,no,afdc
256,0,110,5,23,11.5,-0.905,0.062,0.42,no,female,cauc,11,no,afdc
257,0,103,2,35,6,2.88,0.308,0.17,no,female,other,14,no,afdc
258,0,101,2,38,8.5,1.09,-1.134,0,no,male,cauc,18,no,afdc
259,0,110,2,20,6,-1.202,0.202,0.17,no,female,cauc,11,no,afdc
260,7,102,2,44,6,3.339,1.787,0,no,male,cauc,7,no,afdc
261,0,110,3,25,6,-1.202,0.202,0,no,female,cauc,11,no,afdc
262,1,92,4,24,8.5,-0.905,0.062,0.33,no,female,cauc,12,no,afdc
263,1,101,3,29,6,0.817,-1.109,0,no,female,other,11,no,afdc
264,0,109,2,21,6,0.062,-0.702,0.17,no,female,cauc,11,no,afdc
265,9,107,1,32,4,1.828,0.855,0.33,no,female,cauc,14,no,afdc
266,0,118,1,29,6,1.387,-1.273,0,no,female,cauc,14,no,afdc
267,10,100,2,22,6,-1.066,0.189,0.25,no,female,other,10,no,afdc
268,0,108,1,22,8.5,-0.608,-0.078,0.42,yes,female,cauc,12,no,afdc
269,0,109,1,25,6,-0.421,1.426,0.17,no,female,cauc,11,no,afdc
270,3,106,1,24,1.5,1.803,2.715,0.33,no,female,cauc,9,no,afdc
271,1,113,2,35,2.5,-0.03,2.038,0.33,no,male,cauc,12,no,afdc
272,0,108,2,39,14.5,0.564,1.758,0.25,no,female,cauc,12,no,afdc
273,9,109,2,29,6,0.953,-1.121,0.33,no,female,other,12,no,afdc
274,0,114,2,29,17.5,1.759,-1.758,0,no,female,cauc,12,no,afdc
275,0,116,2,30,11.5,-1.363,0.329,0.08,no,female,cauc,12,no,afdc
276,0,110,3,35,8.5,-0.124,-0.46,0.33,no,female,cauc,12,no,afdc
277,0,108,1,21,6,-0.26,-0.447,0.33,no,female,cauc,11,no,afdc
278,0,108,2,35,8.5,-0.421,-0.32,0.33,no,female,other,16,no,afdc
279,0,115,2,24,8.5,0.037,-0.587,0.33,no,female,cauc,11,no,afdc
280,2,108,2,36,8.5,1.895,-1.77,0.33,no,female,other,12,no,afdc
281,1,92,1,19,7.14,0.496,0.892,0.33,no,female,cauc,12,no,afdc
282,0,103,1,27,11.5,-1.524,0.457,0.42,no,female,cauc,10,no,afdc
283,5,104,1,47,6,1.642,1.097,0.33,no,male,cauc,14,no,afdc
284,1,118,1,31,6,-0.446,-0.205,0.33,no,female,cauc,14,no,afdc
285,0,103,1,28,6,-0.421,-0.32,0.42,no,female,cauc,13,no,afdc
286,1,112,1,35,8.114,1.022,1.491,0.33,no,female,cauc,12,no,afdc
287,1,120,2,28,8.5,-0.013,-0.357,0.33,no,female,cauc,13,no,afdc
288,0,113,3,31,8.5,1.115,-1.249,0.36,no,female,cauc,14,no,afdc
289,0,99,4,39,14.5,0.861,1.618,0.42,no,female,cauc,9,no,afdc
290,0,118,3,28,7.04,-0.31,-0.217,0.35,yes,female,cauc,12,no,afdc
291,0,52,1,25,6,-1.227,0.317,0.58,no,female,cauc,13,no,afdc
292,2,114,2,31,8.5,0.037,-0.587,0.42,no,female,cauc,14,no,afdc
293,10,95,1,44,4,0.495,-0.854,0.33,no,female,cauc,8,no,afdc
294,0,97,2,34,8.5,-0.583,-0.193,0.17,yes,female,cauc,13,no,afdc
295,6,110,2,40,8.5,1.82,-1.426,0.5,yes,female,cauc,12,no,afdc
296,3,97,5,42,11.5,1.642,1.097,0.33,yes,female,cauc,4,no,afdc
297,2,93,4,52,8.5,1.047,1.376,0.5,no,female,cauc,7,no,afdc
298,2,101,1,56,6,0.495,-0.854,0,no,female,cauc,3,no,afdc
299,2,100,1,26,6,-0.583,-0.193,0.67,no,female,other,12,no,afdc
300,0,98,1,24,6,-1.524,0.457,0.17,no,female,cauc,10,no,afdc
301,0,99,2,20,6,1.208,1.249,0.25,no,female,cauc,8,no,afdc
302,0,98,4,37,8.5,-1.524,0.457,0.17,no,female,cauc,15,no,afdc
303,3,90,1,33,6,0.173,-0.599,0.17,no,female,cauc,11,no,afdc
304,2,114,1,25,4,-0.26,-0.447,0.33,no,female,other,12,no,afdc
305,0,92,2,26,8.5,-0.88,-0.053,0.33,yes,female,cauc,12,no,afdc
306,0,94,2,21,8.5,-0.31,-0.217,0.67,no,female,cauc,10,no,afdc
307,1,92,2,35,11.5,0.334,-0.727,0.3,yes,female,other,8,no,afdc
308,2,90,3,24,8.5,-1.066,0.189,0.42,no,female,cauc,7,no,afdc
309,6,119,3,27,8.5,1.921,-0.139,0.08,yes,female,cauc,15,no,afdc
310,4,90,6,35,17.5,2.311,2.218,0.3,yes,female,other,10,no,afdc
311,3,94,4,40,8.5,0.012,-0.472,0.33,no,female,other,11,no,afdc
312,0,94,3,37,6,-1.524,0.457,0.25,yes,female,other,6,no,afdc
313,1,107,1,28,6,-1.524,0.457,0.33,no,female,other,12,no,afdc
314,0,108,3,28,6,-1.524,0.457,0.29,no,female,other,11,no,afdc
315,0,107,4,36,8.5,-1.524,0.457,0.25,yes,female,other,2,no,afdc
316,0,97,1,35,6,4.603,0.883,0.33,yes,female,cauc,13,no,afdc
317,0,119,3,29,0.5,-1.524,0.457,0.17,no,female,cauc,12,no,afdc
318,0,111,1,24,6,-0.124,-0.46,0.33,yes,female,cauc,12,no,afdc
319,12,119,1,32,6,-0.769,0.05,0.36,no,female,cauc,14,no,afdc
320,9,107,1,39,11.5,-0.31,-0.217,0.5,no,female,cauc,15,no,afdc
321,4,99,2,25,6,0.978,-1.236,0.33,no,female,cauc,11,no,afdc
322,4,89,2,35,6,2.54,-0.534,0.17,no,female,cauc,12,no,afdc
323,0,102,3,40,8.5,-0.235,-0.562,0.08,yes,female,cauc,12,no,afdc
324,0,119,1,28,6,1.988,-1.019,0.42,no,female,cauc,15,no,afdc
325,0,111,1,33,8.5,-0.285,-0.332,0.36,no,female,cauc,12,no,afdc
326,0,99,2,37,4,-0.446,-0.205,0.25,no,female,cauc,14,no,afdc
327,4,110,1,25,11.5,1.158,-0.267,0.17,no,female,cauc,9,no,afdc
328,0,101,2,50,6,2.397,0.69,0.17,yes,male,cauc,3,no,afdc
329,2,90,1,20,6,2.236,0.817,0.67,no,female,cauc,12,no,afdc
330,0,100,1,21,6,-0.421,-0.32,0.67,no,female,cauc,12,no,afdc
331,0,90,2,17,8.5,-1.066,0.189,0,no,female,other,8,no,afdc
332,0,110,2,20,8.5,-1.202,0.202,0.67,no,female,other,10,no,afdc
333,0,114,1,39,8.5,-1.202,0.202,0.36,no,female,cauc,12,no,afdc
334,2,107,1,55,4,1.989,0.727,0.33,no,female,other,6,no,afdc
335,1,99,1,37,4,1.988,-1.019,0.33,no,female,other,12,no,afdc
336,0,116,1,20,1.5,-1.066,0.189,0.75,no,female,other,11,no,afdc
337,2,106,1,40,6,-1.227,0.317,0.67,no,female,cauc,15,no,afdc
338,1,102,1,25,1.5,0.953,-1.121,0.5,no,female,cauc,11,no,afdc
339,0,107,1,39,8.114,-0.905,0.062,0.36,no,female,cauc,6,no,afdc
340,0,101,1,30,6,-1.363,0.329,0.36,no,female,cauc,12,no,afdc
341,2,115,1,21,6,-1.066,0.189,0.42,no,female,cauc,12,no,afdc
342,1,93,2,23,8.5,-1.066,0.189,0.25,no,female,cauc,8,no,afdc
343,2,101,3,21,8.5,-1.363,0.329,0.29,no,female,other,11,no,afdc
344,2,99,5,27,2.5,0.359,-0.842,0.35,no,female,cauc,8,no,afdc
345,0,107,2,32,6,-1.227,0.317,0.3,no,female,other,13,no,afdc
346,1,94,3,40,9.578,3.575,1.315,0.3,no,female,other,13,no,afdc
347,4,101,2,28,8.5,-0.124,-0.46,0.92,no,female,cauc,10,no,afdc
348,2,104,2,23,7.04,-1.041,0.075,0.35,no,female,cauc,9,no,afdc
349,0,108,2,26,8.5,-1.363,0.329,0.35,no,female,cauc,13,no,afdc
350,1,110,3,31,8.5,-0.421,-0.32,0.3,yes,female,other,6,no,afdc
351,0,107,2,27,6,-1.202,0.202,0.17,no,female,cauc,12,no,afdc
352,0,91,2,20,8.5,-0.446,-0.205,0.63,no,female,other,12,no,afdc
353,0,100,3,41,4,-0.285,-0.332,0.17,no,female,cauc,12,no,afdc
354,1,93,5,37,11.5,1.344,1.237,0.3,no,female,other,12,no,afdc
355,1,109,3,31,8.5,2.584,2.193,0.5,no,female,cauc,15,no,afdc
356,0,109,3,37,8.5,0.495,-0.854,0.42,no,female,cauc,10,no,afdc
357,1,103,2,42,8.5,-0.905,0.062,0.5,no,female,other,13,no,afdc
358,0,109,7,36,14.5,-0.353,0.547,0.25,no,female,other,11,no,afdc
359,1,90,4,25,11.5,0.309,-0.612,0.29,no,female,other,10,no,afdc
360,0,112,1,22,6,-0.905,0.062,0.33,no,female,cauc,10,no,afdc
361,2,114,1,30,4,-0.583,-0.193,0.36,no,female,cauc,8,no,afdc
362,0,97,1,54,11.5,-0.93,0.177,0,yes,female,cauc,8,no,afdc
363,7,113,2,20,8.5,0.334,-0.727,0.33,no,female,cauc,9,no,afdc
364,0,110,1,26,6,-1.363,0.329,0.42,no,male,cauc,11,no,afdc
365,1,93,1,31,6,-0.31,-0.217,0.5,no,female,cauc,12,no,afdc
366,0,114,1,28,6,-0.013,-0.357,0.25,no,female,cauc,10,no,afdc
367,0,120,1,22,8.5,-0.285,-0.332,0.08,yes,female,cauc,11,no,afdc
368,1,120,1,56,6,1.09,0.612,0,no,female,cauc,3,no,afdc
369,1,91,1,27,6,-1.227,0.317,0.55,no,female,other,14,no,afdc
370,0,91,1,22,2.5,-1.066,0.189,0.35,no,female,cauc,8,no,afdc
371,0,119,1,21,11.5,-1.202,0.202,0.17,yes,female,cauc,11,no,afdc
372,1,113,2,26,4,-1.524,0.457,0.67,no,female,cauc,12,no,afdc
373,0,114,2,42,6,-0.446,-0.205,0.33,no,female,cauc,8,no,afdc
374,0,112,2,20,11.5,-1.202,0.202,0.58,yes,female,cauc,9,no,afdc
375,3,115,2,22,8.5,-1.524,0.457,0.35,yes,female,cauc,12,no,afdc
376,0,99,2,34,8.5,-1.202,0.202,0.25,no,female,other,0,no,afdc
377,0,96,2,28,11.5,-1.227,0.317,0.5,no,female,cauc,8,no,afdc
378,2,115,2,26,11.5,-1.363,0.329,0.58,yes,female,cauc,6,no,afdc
379,0,69,2,64,8.5,1.226,-1.146,0.25,yes,male,cauc,1,no,afdc
380,0,106,5,29,7.562,0.792,-0.994,0.42,yes,male,other,6,no,afdc
381,3,120,3,24,8.5,0.148,-0.485,0.35,no,female,cauc,10,no,afdc
382,0,118,4,30,8.5,-1.524,0.457,0.17,yes,male,other,8,no,afdc
383,6,116,4,31,11.5,-0.583,-0.193,0.25,yes,female,other,0,no,afdc
384,0,90,5,30,11.5,-1.227,0.317,0.5,no,female,cauc,11,no,afdc
385,8,106,6,38,11.5,2.117,-1.565,0.5,no,female,cauc,12,no,afdc
386,0,93,7,35,14.5,0.087,-0.817,0.3,no,female,other,10,no,afdc
387,9,116,3,28,14.5,0.631,-0.867,0.33,yes,female,other,8,no,afdc
388,1,90,4,34,11.5,0.495,-0.854,0.67,no,female,other,10,no,afdc
389,3,118,3,34,4,0.037,-0.587,0.33,no,female,cauc,6,no,afdc
390,2,115,7,37,8.5,-0.31,-0.217,0.33,yes,female,cauc,2,no,afdc
391,6,103,3,49,4,5.265,-0.276,0.33,no,female,cauc,2,no,afdc
392,48,110,1,25,6,2.032,1.709,0.67,no,female,other,13,no,afdc
393,1,111,1,25,8.5,-0.905,0.062,0.33,no,female,other,11,no,afdc
394,0,114,1,45,8.5,1.598,0.115,0.3,no,female,other,4,no,afdc
395,0,97,2,20,14.5,-1.041,0.075,0.17,no,female,cauc,12,no,afdc
396,2,101,2,42,1.5,0.062,-0.702,0.42,no,female,other,11,no,afdc
397,1,91,1,24,2.5,-0.744,-0.065,0.29,no,female,other,11,no,afdc
398,2,111,1,24,0.5,-0.719,-0.18,0.42,no,female,cauc,11,no,afdc
399,0,91,1,24,6,-1.524,0.457,0.67,no,female,other,11,no,afdc
400,2,110,2,38,6.375,2.744,-1.425,0.33,no,female,other,13,no,afdc
401,1,107,2,23,8.5,-0.744,-0.065,0.33,no,female,cauc,12,no,afdc
402,6,114,2,24,8.5,-1.041,0.075,0.5,no,female,other,13,no,afdc
403,0,114,4,25,8.5,-1.202,0.202,0.25,no,female,other,11,no,afdc
404,3,106,2,41,0.5,5.681,0.221,0.36,yes,female,cauc,12,no,afdc
405,0,100,2,24,8.5,-1.524,0.457,0.63,no,female,other,10,no,afdc
406,0,115,2,28,8.5,-0.583,-0.193,0.17,no,female,cauc,13,no,afdc
407,0,100,3,23,8.5,-0.192,0.419,0.58,yes,female,other,7,no,afdc
408,0,99,3,31,8.5,-0.905,0.062,0.5,no,female,cauc,12,no,afdc
409,1,100,3,30,8.5,2.769,-1.54,0.36,no,female,cauc,11,no,afdc
410,6,115,3,33,8.5,-1.202,0.202,0.17,no,female,other,8,no,afdc
411,4,91,3,27,8.5,-1.524,0.457,0.25,no,female,other,12,no,afdc
412,0,106,3,48,8.5,1.624,1.746,0.25,yes,female,other,0,no,afdc
413,1,111,1,39,6,0.903,-0.891,0.3,no,female,other,0,no,afdc
414,0,110,1,22,7.04,1.072,-0.484,0.35,no,female,cauc,11,no,afdc
415,1,95,1,43,6,-0.149,-0.345,0.36,no,female,cauc,4,no,afdc
416,1,104,4,28,6,-0.285,1.413,0.29,no,female,other,6,no,afdc
417,1,106,2,21,6,-0.31,-0.217,0.25,no,female,cauc,11,no,afdc
418,2,91,1,41,6,3.89,0.525,0.5,no,female,cauc,14,no,afdc
419,0,98,1,21,8.5,-0.88,-0.053,0.17,no,female,cauc,12,no,afdc
420,0,97,2,25,8.5,1.226,-1.146,0.35,yes,female,cauc,10,no,afdc
421,3,94,2,26,8.5,-1.066,0.189,0,no,female,cauc,11,no,afdc
422,0,101,5,23,17.5,-1.202,0.202,0.42,no,female,cauc,10,no,afdc
423,1,103,3,16,6,-0.446,-0.205,0.33,no,female,cauc,7,no,afdc
424,1,117,3,26,6,-1.524,0.457,0.42,no,female,cauc,11,no,afdc
425,7,101,2,42,8.5,-0.335,-0.103,0.33,no,female,cauc,15,no,afdc
426,1,103,3,28,11.5,1.87,-1.655,0.35,no,female,cauc,10,no,afdc
427,0,86,2,35,8.5,1.064,-1.019,0.36,no,female,cauc,12,no,afdc
428,0,101,4,33,8.5,-0.744,-0.065,0.42,yes,female,cauc,2,no,afdc
429,0,90,4,27,8.5,-1.524,0.457,0.5,no,female,cauc,11,no,afdc
430,1,103,4,28,8.5,0.631,-0.867,0.67,no,female,cauc,10,no,afdc
431,2,108,3,28,17.5,1.548,-1.401,0.33,no,female,cauc,9,no,afdc
432,0,108,3,31,11.5,-1.066,0.189,0.17,no,female,cauc,11,no,afdc
433,1,100,3,28,8.5,-1.202,0.202,0.35,no,female,cauc,9,no,afdc
434,9,95,4,32,11.5,4.392,1.24,0.5,no,female,cauc,12,no,afdc
435,2,101,1,24,8.5,-1.524,0.457,0.67,no,female,cauc,11,no,afdc
436,9,107,1,53,6,7.217,1.038,0,no,female,cauc,10,no,afdc
437,1,115,1,55,8.5,-0.905,0.062,0.25,yes,female,other,0,no,afdc
438,3,93,2,21,8.5,0.47,-0.739,0.17,no,female,cauc,7,no,afdc
439,0,93,5,46,11.5,-1.524,0.457,0.5,yes,female,other,11,no,afdc
440,3,107,4,29,8.5,3.822,1.405,0.5,no,female,cauc,10,no,afdc
441,1,104,3,31,8.5,0.767,-0.879,0.36,yes,female,cauc,5,no,afdc
442,4,100,1,44,2.5,1.351,-1.72,0.5,no,female,cauc,10,no,afdc
443,0,112,3,33,17.5,-0.31,-0.217,0.58,no,female,cauc,7,no,afdc
444,0,116,4,37,6,0.792,-0.994,0.42,no,female,cauc,4,no,afdc
445,0,120,1,29,6,0.52,-0.969,0.17,no,female,cauc,18,no,afdc
446,3,90,1,47,6,1.599,1.861,0.67,no,female,cauc,11,no,afdc
447,3,116,1,30,4,-1.227,0.317,0.17,no,female,cauc,12,no,afdc
448,0,110,5,22,8.5,-1.363,0.329,0.35,no,female,cauc,9,no,afdc
449,0,90,2,49,11.5,-0.905,0.062,0.17,no,male,other,17,no,afdc
450,8,90,3,31,8.5,0.589,1.643,0.67,no,female,cauc,14,no,afdc
451,0,117,1,41,6,-1.227,0.317,0.42,no,female,other,9,no,afdc
452,1,115,1,17,6,-0.285,-0.332,0.08,no,female,other,11,no,afdc
453,0,96,1,27,6,-0.583,-0.193,0.67,no,female,cauc,12,no,afdc
454,0,118,1,25,6,-1.363,0.329,0.42,no,female,cauc,12,no,afdc
455,2,91,2,27,8.5,0.445,-0.624,0.33,no,female,cauc,15,no,afdc
456,0,93,4,38,8.5,-1.524,0.457,0,no,female,other,7,no,afdc
457,0,106,2,27,6,-0.396,-0.435,0.33,no,female,cauc,12,no,afdc
458,0,93,3,37,8.5,0.656,-0.981,0.17,no,female,cauc,10,no,afdc
459,0,92,3,41,8.5,2.328,-1.923,0.17,yes,male,other,3,no,afdc
460,0,93,3,35,8.5,-1.363,0.329,0,no,female,other,12,no,afdc
461,0,118,1,51,6,0.037,-0.587,0,yes,female,other,13,no,afdc
462,2,98,1,22,6,-1.227,0.317,0.17,no,female,other,12,no,afdc
463,0,113,1,26,6,-0.583,-0.193,0.42,no,female,cauc,12,no,afdc
464,0,99,1,30,6,-0.285,-0.332,0.33,no,female,cauc,12,no,afdc
465,0,100,3,28,8.5,2.49,-0.304,0.29,no,female,other,12,no,afdc
466,1,107,2,52,8.5,2.65,-2.177,0.5,yes,female,other,1,no,afdc
467,1,98,3,25,8.5,0.334,-0.727,0.17,no,female,cauc,11,no,afdc
468,8,103,3,27,8.5,-1.363,0.329,0.33,no,female,cauc,10,no,afdc
469,0,107,2,22,8.5,-1.066,0.189,0.33,no,female,other,9,no,afdc
470,1,106,3,39,8.5,1.14,-1.363,0.17,no,female,other,14,no,afdc
471,4,118,4,30,8.5,-0.675,0.801,0.67,no,female,other,12,no,afdc
472,0,113,3,35,8.5,3.414,1.442,0,no,female,other,9,no,afdc
473,0,109,3,38,8.5,4.001,0.628,0.58,no,female,cauc,11,no,afdc
474,1,115,1,24,6,-0.88,-0.053,0.33,no,female,cauc,11,no,afdc
475,2,93,2,23,6,-0.285,-0.332,0.5,no,female,cauc,8,no,afdc
476,1,92,1,21,6,-1.041,0.075,0.25,no,female,cauc,10,no,afdc
477,0,93,1,29,6,-1.363,0.329,0.35,no,female,cauc,11,no,afdc
478,7,105,1,36,0.5,1.226,-1.146,0.42,no,female,cauc,14,no,afdc
479,1,120,4,36,8.5,-1.524,0.457,0.33,no,female,cauc,10,no,afdc
480,0,106,2,18,7.14,-1.524,0.457,0.5,no,female,cauc,12,no,afdc
481,0,117,2,25,6,-0.421,-0.32,0.5,no,female,other,11,no,afdc
482,0,105,2,31,8.5,-0.93,0.177,0.36,no,female,cauc,14,no,afdc
483,9,116,1,21,6,-1.066,0.189,0.33,no,female,cauc,12,no,afdc
484,0,116,2,21,17.5,-1.363,0.329,0.33,no,female,cauc,12,no,afdc
485,1,93,3,27,8.5,-0.099,-0.575,0.5,no,female,cauc,12,no,afdc
486,2,96,0,68,8.5,2.055,-0.28,0.5,no,female,cauc,8,yes,ssi
487,2,96,1,69,17.5,-1.602,-0.054,0.17,no,female,cauc,12,yes,ssi
488,0,100,0,91,11.5,-0.132,2.053,0.5,no,female,cauc,12,yes,ssi
489,0,99,0,81,6,-0.65,0.146,0.33,no,female,cauc,6,yes,ssi
490,2,99,0,94,6,0.511,0.277,0.25,no,female,cauc,15,yes,ssi
491,7,96,0,81,11.5,1.602,0.432,0.58,yes,female,cauc,9,yes,ssi
492,4,107,2,79,6,0.416,0.81,0.5,yes,female,cauc,6,yes,ssi
493,1,106,1,88,17.5,0.448,1.74,0.33,no,female,cauc,8,yes,ssi
494,4,107,0,80,6,2.137,-0.368,0.33,no,female,cauc,12,yes,ssi
495,2,107,0,74,6,-1.892,0.102,0.67,yes,male,cauc,7,yes,ssi
496,4,106,0,83,17.5,-0.209,-0.122,0.17,yes,male,cauc,15,yes,ssi
497,1,106,0,83,8.5,0.359,0.01,0.75,no,male,cauc,8,yes,ssi
498,0,90,0,70,7.25,-1.741,-0.009,0.5,no,female,cauc,6,yes,ssi
499,0,92,0,66,6,-1.034,0.456,0.5,no,female,cauc,13,yes,ssi
500,0,106,0,70,6,-1.823,0.08,0.5,no,female,other,13,yes,ssi
501,2,98,0,72,8.5,-1.369,-0.253,0.42,no,female,other,4,yes,ssi
502,0,101,0,86,6,-1.438,-0.23,0.5,no,female,cauc,18,yes,ssi
503,0,95,0,93,7.99,0.183,1.387,0.5,no,female,cauc,9,yes,ssi
504,1,101,0,92,6,-0.536,0.988,0.42,no,female,cauc,9,yes,ssi
505,14,105,0,86,7.993,1.078,0.787,0.75,no,female,cauc,12,yes,ssi
506,2,97,0,76,6,-0.102,-1.098,0.5,no,female,cauc,5,yes,ssi
507,0,101,0,79,7.99,-1.476,0.723,0.5,no,female,cauc,9,yes,ssi
508,0,105,0,85,11.5,-0.119,1.609,0.42,yes,female,cauc,16,yes,ssi
509,3,104,0,76,6,-1.741,-0.009,0.33,no,female,cauc,9,yes,ssi
510,10,105,0,81,11.5,1.986,-0.257,0.17,yes,female,other,11,yes,ssi
511,4,103,0,73,6,-1.741,-0.009,0.17,no,male,cauc,1,yes,ssi
512,4,104,0,74,8.5,1.368,0.631,0.33,yes,male,other,0,yes,ssi
513,0,109,0,65,8.5,-1.892,0.102,0.33,no,male,other,8,yes,ssi
514,0,106,0,73,11.5,-0.625,-0.742,0.33,yes,male,cauc,12,yes,ssi
515,1,101,0,80,11.5,0.163,-0.366,0.08,yes,male,cauc,9,yes,ssi
516,1,105,0,77,11.5,-0.486,-0.409,0.33,yes,male,other,8,yes,ssi
517,4,109,0,91,9.963,0.845,0.986,0.42,yes,male,cauc,8,yes,ssi
518,0,118,0,72,11.5,-0.266,-0.543,0.75,no,female,other,6,yes,ssi
519,3,100,3,67,6,-0.846,-0.609,0.42,no,female,cauc,3,yes,ssi
520,1,95,0,69,7.218,-1.741,-0.009,0.75,no,female,cauc,9,yes,ssi
521,12,116,0,72,6,0.939,0.075,0.67,no,female,cauc,13,yes,ssi
522,1,99,0,69,7.218,-0.323,-0.964,0.42,no,female,cauc,8,yes,ssi
523,1,118,0,71,2.5,0.245,-0.454,0,no,female,cauc,13,yes,ssi
524,2,116,0,85,17.5,1.368,0.631,0.42,no,female,other,0,yes,ssi
525,0,90,0,75,7.99,-1.3,-0.276,0.5,yes,female,cauc,12,yes,ssi
526,1,97,0,79,6,2.415,-0.08,0.08,no,female,cauc,12,yes,ssi
527,2,118,0,86,7.993,-1.079,-0.41,0.25,no,female,cauc,11,yes,ssi
528,6,116,0,77,8.5,-0.776,-0.631,0.5,no,female,other,8,yes,ssi
529,2,118,0,75,8.5,-0.997,-0.498,0.75,no,female,cauc,8,yes,ssi
530,1,92,0,91,4,-1.672,-0.031,0.67,no,female,cauc,11,yes,ssi
531,8,113,0,75,8.5,0.996,0.875,0.5,no,female,other,3,yes,ssi
532,7,116,0,78,11.5,-1.218,-0.364,0.42,yes,female,cauc,8,yes,ssi
533,3,91,0,91,6,0.473,1.231,0.67,no,female,other,4,yes,ssi
534,2,91,0,84,7.993,0.927,0.519,0.42,no,female,cauc,8,yes,ssi
535,0,101,0,85,8.5,-2.113,0.236,0.5,no,female,cauc,8,yes,ssi
536,9,93,0,80,10.75,3.241,-0.657,0.58,no,female,other,0,yes,ssi
537,1,99,0,73,6,-1.161,0.057,0.33,yes,male,cauc,6,yes,ssi
538,0,94,0,71,8.5,0.327,-0.542,0.67,yes,male,cauc,12,yes,ssi
539,3,89,0,70,6,-0.997,-0.498,0.58,no,male,cauc,12,yes,ssi
540,2,103,0,74,4,-1.823,0.08,0.33,no,male,cauc,13,yes,ssi
541,2,100,0,70,11.5,-0.556,-0.765,0.17,yes,male,cauc,5,yes,ssi
542,3,108,0,84,6,-2.043,0.213,0.5,no,male,cauc,0,yes,ssi
543,3,105,0,84,6,-1.3,-0.276,0.58,no,male,other,5,yes,ssi
544,9,98,0,81,11.5,0.322,1.721,0.67,yes,male,cauc,8,yes,ssi
545,10,94,0,79,6,-0.625,-0.742,0.83,yes,male,cauc,0,yes,ssi
546,3,99,0,66,6,1.872,-1.099,0.33,no,female,cauc,12,yes,ssi
547,0,108,2,95,17.5,0.448,1.74,0.5,no,female,cauc,12,yes,ssi
548,3,101,0,85,7.25,1.52,0.52,0.33,no,female,other,5,yes,ssi
549,0,100,0,92,6,0.101,1.475,0.75,no,female,other,6,yes,ssi
550,3,104,0,76,6,1.998,-0.701,0,no,female,other,4,yes,ssi
551,2,91,0,70,8.5,2.66,-0.723,0.5,yes,male,other,8,yes,ssi
552,3,102,0,73,6,-1.009,-0.054,0.58,no,female,cauc,9,yes,ssi
553,2,114,0,73,6,1.026,-1.897,0.08,no,female,other,6,yes,ssi
554,2,113,0,74,6,1.009,0.81,0.33,no,female,other,5,yes,ssi
555,3,93,0,77,7.993,-1.823,0.08,0.42,no,female,cauc,8,yes,ssi
556,0,95,0,92,6,-0.479,1.41,0.58,no,female,cauc,0,yes,ssi
557,0,115,0,85,7.993,-1.23,-0.299,0.42,no,female,cauc,12,yes,ssi
558,2,91,0,87,8.5,-1.672,-0.031,0.5,no,female,other,0,yes,ssi
559,8,117,0,91,4,1.205,1.186,0.33,no,female,cauc,3,yes,ssi
560,0,95,0,67,6,-0.422,1.831,0.5,yes,male,other,9,yes,ssi
561,4,117,0,73,8.5,2.578,-0.635,0.42,yes,female,cauc,5,yes,ssi
562,0,109,0,72,1.5,-0.789,-0.566,0.75,no,female,other,8,yes,ssi
563,1,111,0,85,6,1.671,0.409,0.5,no,female,cauc,9,yes,ssi
564,1,97,0,81,6,-0.776,-0.631,0.5,no,female,cauc,12,yes,ssi
565,5,110,0,86,4,0.637,0.676,0.42,no,female,cauc,12,yes,ssi
566,9,109,0,76,6,1.279,-1.1,0.17,no,female,cauc,10,yes,ssi
567,0,113,0,93,6,2.005,0.739,0.5,no,female,cauc,9,yes,ssi
568,1,111,2,67,4,0.151,0.078,0.5,no,male,other,12,yes,ssi
569,1,113,0,74,8.5,0.352,-1.431,0.42,yes,male,cauc,2,yes,ssi
570,8,115,0,87,6,1.507,0.964,0.67,no,male,cauc,8,yes,ssi
571,9,114,0,77,6,0.939,0.454,0.25,no,male,cauc,18,yes,ssi
572,0,118,1,67,4,-0.543,-0.83,0,no,female,cauc,8,yes,ssi
573,2,118,0,85,7.99,-0.928,-0.521,0.67,no,female,cauc,14,yes,ssi
574,1,120,0,88,4,-0.928,-0.521,0.58,no,female,cauc,14,yes,ssi
575,2,91,0,84,6,0.858,0.542,0.67,no,male,cauc,6,yes,ssi
576,1,115,0,75,6,-1.823,0.08,0.5,no,male,cauc,7,yes,ssi
577,2,110,0,72,6,-0.323,-0.964,0.58,no,female,cauc,18,yes,ssi
578,2,109,0,81,6,1.324,-0.235,0.58,no,female,cauc,12,yes,ssi
579,2,101,0,80,6,0.662,0.167,0.67,no,female,cauc,4,yes,ssi
580,13,101,0,77,10.75,1.659,0.853,0.33,no,female,other,5,yes,ssi
581,1,91,0,87,17.5,1.135,1.209,0.42,no,male,cauc,4,yes,ssi
582,0,114,0,81,17.5,-1.823,0.08,0.67,no,female,cauc,8,yes,ssi
583,1,116,0,87,4,-0.694,-0.72,0.25,no,female,cauc,12,yes,ssi
584,1,116,0,77,7.993,0.372,-0.056,0.5,yes,female,cauc,10,yes,ssi
585,1,116,0,82,6,1.728,0.83,0.58,no,female,cauc,13,yes,ssi
586,1,105,0,84,4,-1.23,-0.299,0.25,no,female,cauc,12,yes,ssi
587,0,115,0,79,0.5,0.927,0.898,0.25,yes,male,cauc,13,yes,ssi
588,0,98,0,73,6,-2.264,0.347,0.25,no,female,cauc,12,yes,ssi
589,2,100,0,68,4,-0.776,-0.631,0.33,no,female,cauc,12,yes,ssi
590,3,97,0,80,7.993,0.441,-0.079,0.17,no,female,cauc,10,yes,ssi
591,3,100,0,73,6,-1.148,-0.387,0.58,no,female,cauc,13,yes,ssi
592,8,100,0,80,6,0.126,0.966,0.25,no,female,cauc,12,yes,ssi
593,1,100,0,81,17.5,0.625,1.12,0.5,no,male,cauc,7,yes,ssi
594,3,101,4,66,9.642,-0.643,1.965,0.58,no,female,other,12,yes,ssi
595,0,90,0,72,7.218,-1.312,0.168,0.58,no,female,cauc,12,yes,ssi
596,6,109,0,81,7.95,2.239,0.54,0.25,no,female,cauc,5,yes,ssi
597,3,103,2,89,7.993,-1.079,-0.41,0.5,no,female,cauc,9,yes,ssi
598,1,93,0,70,7.218,-1.066,-0.475,0.17,yes,female,cauc,0,yes,ssi
599,0,108,4,72,17.5,-1.659,-0.097,0.58,no,female,other,0,yes,ssi
600,1,103,0,85,6,0.101,1.475,0.58,no,female,cauc,12,yes,ssi
601,0,97,0,69,2.5,-2.264,0.347,0.42,no,female,other,0,yes,ssi
602,3,101,0,74,6,2.522,-0.678,0.5,no,female,other,0,yes,ssi
603,0,111,0,67,6,3.625,-1.346,0.75,no,female,cauc,17,yes,ssi
604,2,107,2,87,4,-0.119,1.609,0.25,no,female,cauc,12,yes,ssi
605,0,111,0,82,6,-1.52,-0.142,0.17,no,female,other,0,yes,ssi
606,0,107,0,78,1.5,-1.823,0.08,0.25,no,female,other,5,yes,ssi
607,3,107,0,85,6,0.183,1.009,0.33,no,male,cauc,10,yes,ssi
608,4,113,0,87,2.5,-0.335,-0.899,0.75,no,male,other,15,yes,ssi
609,1,106,3,73,9.643,2.055,-0.28,0.5,no,female,other,0,yes,ssi
610,0,107,5,72,14.5,-1.741,-0.009,0.42,no,female,other,0,yes,ssi
611,0,103,0,94,8.5,0.089,1.541,0.5,no,female,cauc,12,yes,ssi
612,7,103,0,81,7.993,0.473,1.231,0.17,no,female,cauc,11,yes,ssi
613,0,105,4,72,8.5,-1.356,-0.319,0.5,yes,male,other,4,yes,ssi
614,5,115,0,80,6,-0.02,-1.186,0.25,no,male,cauc,12,yes,ssi
615,0,106,0,84,6,2.157,0.628,0.5,no,male,cauc,0,yes,ssi
616,0,114,4,80,6,-1.066,-0.475,0.25,no,male,other,0,yes,ssi
617,0,105,0,85,6,-0.038,1.142,0.25,no,female,other,0,yes,ssi
618,0,101,0,89,7.95,-1.823,0.08,0.58,yes,male,cauc,0,yes,ssi
619,0,92,0,69,0.5,2.093,-1.233,0.17,no,female,other,7,yes,ssi
620,10,106,0,74,11.5,2.66,-1.102,0.42,yes,male,other,5,yes,ssi
621,0,106,0,74,4,-0.278,-0.099,0.5,no,male,other,8,yes,ssi
622,1,120,0,88,4,-0.422,1.831,0.5,no,male,other,0,yes,ssi
623,0,102,1,66,6,1.148,0.764,0.33,no,female,cauc,14,yes,ssi
624,5,100,0,71,6,3.379,-1.082,0.58,no,female,cauc,9,yes,ssi
625,1,102,0,71,11.5,-0.323,-0.964,0.17,yes,female,cauc,12,yes,ssi
626,0,100,0,87,6,1.973,-0.192,0.67,no,female,cauc,4,yes,ssi
627,13,99,0,79,6,0.151,0.078,0.5,no,female,cauc,12,yes,ssi
628,0,103,0,76,6,0.605,-0.255,0.42,no,female,cauc,8,yes,ssi
629,0,99,0,77,6,0.441,-0.079,0.67,no,female,cauc,11,yes,ssi
630,0,99,0,81,6,-1.892,0.102,0.5,no,female,cauc,7,yes,ssi
631,1,107,0,76,6,-0.997,-0.498,1,no,female,cauc,16,yes,ssi
632,3,102,0,89,6,-1.451,-0.165,0.67,no,female,cauc,8,yes,ssi
633,0,101,0,80,14.5,-1.3,-0.276,0.5,yes,male,cauc,2,yes,ssi
634,0,93,1,70,4,-2.264,0.347,0.5,yes,female,other,0,yes,ssi
635,0,108,0,71,6,-1.369,-0.253,0.5,no,female,cauc,12,yes,ssi
636,0,106,0,70,6,2.018,0.674,0.67,no,female,cauc,10,yes,ssi
637,0,94,0,66,6,-1.066,-0.475,0.67,no,female,other,11,yes,ssi
638,0,114,0,72,6,0.825,-0.767,0.5,no,female,cauc,11,yes,ssi
639,1,94,0,67,11.5,-0.694,-0.72,0.25,yes,female,cauc,10,yes,ssi
640,3,107,0,78,6,-1.23,-0.299,0.58,no,female,other,12,yes,ssi
641,2,107,0,79,6,1.753,-0.058,0.58,no,female,cauc,9,yes,ssi
642,4,108,0,85,6,1.45,0.164,0.67,no,female,cauc,4,yes,ssi
643,0,107,0,80,6,-2.043,0.213,0.5,no,female,other,8,yes,ssi
644,4,93,0,77,6,-0.511,0.1,0.5,no,female,cauc,12,yes,ssi
645,2,93,0,75,6,-1.52,-0.142,0.33,no,female,cauc,12,yes,ssi
646,2,107,1,77,8.5,2.169,0.563,0.33,no,female,cauc,4,yes,ssi
647,0,93,0,78,6,-1.52,-0.142,0.67,no,female,cauc,8,yes,ssi
648,2,101,0,88,6,2.169,0.563,0.5,no,female,cauc,8,yes,ssi
649,0,107,0,74,8.5,-0.429,0.012,0.33,yes,male,cauc,15,yes,ssi
650,2,106,0,81,6,-0.675,0.655,0.42,no,male,cauc,5,yes,ssi
651,4,114,0,82,6,-0.372,0.433,0.33,no,male,other,0,yes,ssi
652,1,100,0,76,6,-1.382,-0.188,0.67,no,male,cauc,7,yes,ssi
653,3,108,0,74,6,0.642,-1.587,0.5,no,female,cauc,11,yes,ssi
654,4,107,0,71,11.5,2.636,0.165,0.42,yes,female,cauc,11,yes,ssi
655,0,108,4,70,17.5,-0.625,-0.742,0.25,no,female,other,3,yes,ssi
656,1,107,1,69,7.25,1.185,-0.568,0.42,yes,female,cauc,4,yes,ssi
657,2,105,2,72,11.5,3.241,-0.657,0.33,yes,female,other,0,yes,ssi
658,0,111,0,73,11.5,-1.01,-0.432,0.5,no,female,other,12,yes,ssi
659,1,110,0,75,6,1.765,-0.502,0.42,no,female,cauc,10,yes,ssi
660,0,110,0,72,14.5,0.441,0.3,0.5,yes,female,other,0,yes,ssi
661,2,104,0,69,4,0.347,0.832,0.42,no,female,cauc,9,yes,ssi
662,3,109,0,70,7.218,1.438,0.608,0.58,yes,female,cauc,12,yes,ssi
663,0,110,0,68,8.95,-0.36,-0.011,0.67,yes,female,other,8,yes,ssi
664,1,109,0,95,4,0.984,1.319,0.42,no,female,cauc,4,yes,ssi
665,3,114,1,80,17.5,0.416,0.81,0.58,no,female,other,0,yes,ssi
666,0,114,0,75,4,-1.451,-0.165,0.17,yes,female,cauc,0,yes,ssi
667,0,114,0,91,11.5,-1.3,-0.276,0.67,yes,female,other,3,yes,ssi
668,0,110,0,79,6,-0.7,1.543,0.58,no,female,cauc,8,yes,ssi
669,2,110,2,76,8.5,-0.776,-0.631,0.33,no,female,cauc,3,yes,ssi
670,0,113,0,90,8.5,-0.107,1.165,0.58,no,female,cauc,12,yes,ssi
671,3,114,0,86,4,0.694,1.097,0.58,no,female,cauc,12,yes,ssi
672,4,99,0,84,6,0.845,0.986,0.58,no,female,cauc,8,yes,ssi
673,1,114,0,78,8.5,2.762,0.185,0.25,yes,female,cauc,10,yes,ssi
674,3,115,0,85,8.5,1.5,-0.855,0.5,yes,female,cauc,10,yes,ssi
675,3,114,0,90,6,0.605,-0.634,0.25,no,female,cauc,5,yes,ssi
676,4,116,2,77,6,0.573,-1.564,0.42,no,female,cauc,1,yes,ssi
677,3,116,0,75,17.5,-0.486,-0.788,0.42,no,female,other,4,yes,ssi
678,1,107,0,73,8.5,0.568,0.699,0.58,no,male,other,5,yes,ssi
679,0,116,0,72,6,1.096,-1.92,0.5,yes,male,other,3,yes,ssi
680,0,116,0,72,4,-1.148,-0.387,0.67,no,male,other,0,yes,ssi
681,1,120,0,71,8.5,-0.474,-0.853,0.42,yes,male,other,0,yes,ssi
682,0,116,1,73,8.25,-0.474,-0.853,0.5,no,male,other,4,yes,ssi
683,0,90,0,90,11.5,1.715,0.896,0.58,no,male,cauc,8,yes,ssi
684,3,90,2,77,17.5,0.283,-1.408,0.33,yes,male,other,0,yes,ssi
685,0,96,0,77,11.5,-1.823,0.08,0.58,yes,male,cauc,14,yes,ssi
686,0,90,0,76,6,-1.892,0.102,0.58,yes,male,other,4,yes,ssi
687,0,105,0,80,6,2.427,-0.145,0.17,no,male,cauc,13,yes,ssi
688,1,90,0,80,8.5,-0.846,-0.609,0.42,yes,male,cauc,12,yes,ssi
689,0,107,0,72,6,0.429,0.366,0.58,no,female,cauc,12,yes,ssi
690,2,106,0,75,14.5,-1.382,-0.188,0.33,no,female,cauc,11,yes,ssi
691,0,100,0,69,11.5,-1.3,-0.276,0.33,no,female,cauc,14,yes,ssi
692,8,113,3,68,17.5,3.436,-0.282,0.33,no,female,cauc,2,yes,ssi
693,6,90,4,74,17.5,-0.404,-0.876,0.33,no,female,cauc,3,yes,ssi
694,1,108,0,75,6,-0.474,-0.853,0.42,no,female,cauc,8,yes,ssi
695,0,117,0,87,6,-1.602,-0.054,0.5,no,female,cauc,9,yes,ssi
696,5,92,0,76,6,1.267,-1.035,0.5,no,female,cauc,4,yes,ssi
697,2,115,0,77,11.5,0.057,0.61,0.67,yes,female,cauc,8,yes,ssi
698,0,107,0,93,17.5,-0.241,-1.052,0.33,no,female,cauc,12,yes,ssi
699,0,114,1,77,17.5,-0.997,-0.498,0.5,no,female,other,0,yes,ssi
700,1,108,0,89,6,-0.776,-0.631,0.58,no,female,cauc,9,yes,ssi
701,1,108,0,93,11.5,1.148,0.764,0.5,yes,female,cauc,12,yes,ssi
702,0,115,0,93,17.5,-0.119,1.609,0.33,no,female,cauc,0,yes,ssi
703,3,106,3,79,17.5,-1.602,-0.054,0.5,yes,female,cauc,5,yes,ssi
704,8,116,0,89,6,-0.846,-0.609,0.33,no,female,cauc,6,yes,ssi
705,0,110,0,79,6,-1.369,-0.253,0.67,no,female,cauc,12,yes,ssi
706,6,113,0,81,6,0.119,-1.232,0.33,no,female,cauc,0,yes,ssi
707,3,115,0,76,11.5,-0.915,-0.586,0.25,yes,female,cauc,9,yes,ssi
708,2,110,0,75,6,-0.253,-0.987,0.33,no,female,cauc,18,yes,ssi
709,0,90,0,74,14.5,-0.07,0.212,0.42,yes,male,cauc,8,yes,ssi
710,1,116,0,73,8.5,0.302,-0.033,0.5,yes,male,cauc,4,yes,ssi
711,1,108,0,71,6,0.089,1.92,0.5,no,male,cauc,0,yes,ssi
712,2,90,0,73,8.5,-1.438,-0.23,0.33,yes,male,cauc,0,yes,ssi
713,0,96,0,90,8.5,0.114,1.031,0.33,yes,male,cauc,13,yes,ssi
714,3,98,0,82,11.5,1.671,0.788,0.33,yes,male,cauc,0,yes,ssi
715,1,115,0,78,6,0.927,0.898,0.17,no,male,cauc,15,yes,ssi
716,2,105,0,79,6,-2.043,0.213,0.5,no,male,other,6,yes,ssi
717,1,102,0,71,6,0.315,-0.477,0.17,no,female,cauc,9,yes,ssi
718,2,89,0,74,17.5,0.498,-0.036,0.58,no,female,other,18,yes,ssi
719,9,101,1,82,7.25,2.087,0.651,0.25,no,female,other,8,yes,ssi
720,8,99,0,98,14.5,1.577,0.941,0.42,no,female,cauc,8,yes,ssi
721,6,100,0,78,11.5,4.401,-0.905,0.58,yes,female,cauc,8,yes,ssi
722,0,102,0,68,11.5,-2.043,0.213,0.42,yes,male,cauc,11,yes,ssi
723,0,96,0,81,8.5,0.637,0.676,0.58,yes,male,cauc,8,yes,ssi
724,1,92,0,77,7.993,-0.997,-0.498,0.58,yes,female,cauc,0,yes,ssi
725,4,99,1,83,17.5,2.843,-0.282,0.5,no,female,cauc,14,yes,ssi
726,6,99,0,87,7.993,-0.846,-0.609,0.58,no,female,cauc,12,yes,ssi
727,2,99,0,82,6,-0.675,0.655,0.5,no,female,cauc,6,yes,ssi
728,1,102,0,73,6,1.438,0.987,0.33,no,female,cauc,18,yes,ssi
729,2,101,0,72,11.5,0,0.189,0.58,yes,female,cauc,12,yes,ssi
730,1,101,0,70,4,-2.043,0.213,0.58,no,female,cauc,12,yes,ssi
731,6,102,0,81,11.5,0.858,0.542,0,yes,female,cauc,16,yes,ssi
732,0,101,0,81,4,0.101,1.475,0.67,no,female,cauc,14,yes,ssi
733,0,116,0,65,4,0.977,-0.499,0.33,no,female,cauc,14,no,ssi
734,2,93,0,66,8.5,-0.846,-0.609,0.5,no,female,cauc,12,no,ssi
735,2,118,1,67,17.5,0.094,-0.343,0.33,yes,female,other,9,no,ssi
736,2,92,0,71,8.25,-0.719,-0.21,0,no,female,cauc,9,no,ssi
737,1,93,0,87,6,0.478,-1.411,0,no,female,cauc,11,no,ssi
738,0,98,0,92,17.5,2.61,0.296,0.17,no,female,cauc,8,no,ssi
739,3,106,3,76,17.5,0.768,-0.81,0.5,no,female,cauc,3,no,ssi
740,2,114,0,86,8.5,0.706,1.032,0.5,no,female,cauc,8,no,ssi
741,2,119,2,81,17.5,-1.091,0.034,0.67,no,female,cauc,8,no,ssi
742,8,99,0,84,8.5,1.274,1.163,0.33,no,female,cauc,9,no,ssi
743,0,119,0,90,8.5,-0.789,-0.566,0.17,no,female,cauc,8,no,ssi
744,3,114,0,84,8.5,-0.638,-0.677,0.67,no,female,cauc,8,no,ssi
745,4,105,0,82,11.5,-0.707,-0.654,0.42,yes,male,cauc,8,no,ssi
746,4,93,2,70,17.5,-0.694,-0.72,0.5,no,female,other,3,no,ssi
747,3,92,0,73,17.5,0.694,0.718,0.67,no,female,cauc,11,no,ssi
748,1,94,0,67,8.5,-0.499,-0.344,0.67,no,female,cauc,12,no,ssi
749,7,107,0,83,6,2.496,-0.547,0.5,no,female,cauc,11,no,ssi
750,0,100,0,87,6,-0.152,0.3,0.42,no,female,cauc,8,no,ssi
751,1,106,0,77,6,1.242,-0.146,0.42,no,female,cauc,12,no,ssi
752,0,93,0,87,7.839,-1.892,0.102,0.42,no,female,cauc,12,no,ssi
753,0,107,1,67,17.5,1.601,0.053,0.5,yes,male,other,16,no,ssi
754,0,100,2,85,17.5,-0.94,-0.455,0.17,no,male,cauc,9,no,ssi
755,50,119,0,82,6,1.728,0.452,0.33,no,male,cauc,8,no,ssi
756,2,106,0,75,6,2.182,0.498,0.08,no,female,cauc,8,no,ssi
757,2,100,0,69,14.5,2.125,-0.302,0.08,yes,female,cauc,2,no,ssi
758,0,99,0,81,6,-0.883,0.724,0.58,no,female,cauc,0,no,ssi
759,6,114,0,82,6,-0.127,-0.588,0.25,no,female,cauc,16,no,ssi
760,1,106,0,85,6,4.111,-0.748,0.08,no,female,cauc,0,no,ssi
761,1,103,0,76,6,-2.043,0.213,0.08,no,female,other,7,no,ssi
762,4,106,0,91,6,-1.672,-0.031,0.33,no,female,cauc,8,no,ssi
763,4,106,0,87,6,1.368,0.631,0.25,no,female,cauc,15,no,ssi
764,0,99,0,81,8.5,-1.59,-0.119,0.38,yes,female,cauc,6,no,ssi
765,0,106,0,84,4,-2.043,0.213,0.25,no,female,cauc,13,no,ssi
766,1,100,0,80,6,-1.419,1.144,0.42,no,female,cauc,12,no,ssi
767,1,102,0,78,4,-2.264,0.347,0.42,no,male,other,6,no,ssi
768,5,92,0,68,6,0.813,-0.323,0.08,no,female,cauc,8,no,ssi
769,0,108,1,77,6,0.511,0.277,0.25,no,female,cauc,13,no,ssi
770,1,109,0,88,6,-0.625,-0.742,0.08,no,female,cauc,8,no,ssi
771,3,109,0,80,6,-0.65,-0.233,0.25,no,female,cauc,14,no,ssi
772,7,119,0,82,11.5,-1.59,-0.119,0.33,yes,female,cauc,12,no,ssi
773,1,103,0,85,4,2.717,-0.302,0.25,no,female,cauc,9,no,ssi
774,0,107,0,80,6,-1.047,0.9,0.41,no,male,cauc,8,no,ssi
775,0,117,0,89,17.5,2.762,0.185,0.41,no,male,cauc,12,no,ssi
776,0,106,0,67,6,-1.218,-0.364,0.33,no,female,cauc,12,no,ssi
777,3,113,0,74,6,-0.593,0.567,0.33,no,female,cauc,0,no,ssi
778,0,108,0,67,9.875,-0.434,2.275,0.54,yes,female,cauc,1,no,ssi
779,5,106,1,81,8.5,1.671,0.03,0.33,yes,female,cauc,12,no,ssi
780,0,103,0,83,6,-0.858,-0.543,0.08,no,female,cauc,10,no,ssi
781,0,113,0,75,17.5,-1.892,0.102,0.67,no,female,cauc,12,no,ssi
782,0,109,0,88,6,2.541,0.318,0.33,no,female,cauc,15,no,ssi
783,6,101,0,81,6,-1.161,-0.322,0.37,no,female,cauc,12,no,ssi
784,1,106,0,70,4,-0.057,-0.232,0.33,no,male,cauc,13,no,ssi
785,3,113,0,71,11.5,0.813,0.056,0.33,yes,male,cauc,12,no,ssi
786,1,107,0,80,8.5,0.882,-0.725,0.5,yes,male,cauc,9,no,ssi
787,0,97,0,74,6,-1.892,0.102,0.08,no,female,cauc,14,no,ssi
788,1,93,0,65,8.5,-2.043,0.213,0.54,no,female,cauc,12,no,ssi
789,6,97,0,73,8.5,1.324,-0.235,0.33,no,female,cauc,9,no,ssi
790,3,102,0,93,11.5,1.797,0.808,0.08,no,female,cauc,8,no,ssi
791,3,96,0,77,11.5,-1.079,-0.41,0.33,yes,female,cauc,10,no,ssi
792,0,90,0,96,11.5,1.205,1.186,0.5,no,female,cauc,3,no,ssi
793,2,104,0,81,6,-0.605,0.632,0.33,no,female,cauc,11,no,ssi
794,0,105,0,105,14.5,1.381,0.187,0.33,no,female,cauc,6,no,ssi
795,2,99,0,85,17.5,1.822,0.298,0.58,no,female,cauc,8,no,ssi
796,0,104,0,67,6,1.279,-1.1,0.33,no,male,cauc,8,no,ssi
797,0,107,3,72,17.5,-1.672,-0.031,0.33,no,male,cauc,13,no,ssi
798,1,90,0,93,8.5,1.986,-0.257,0.58,yes,male,cauc,0,no,ssi
799,2,100,0,85,6,2.988,-1.833,0.33,no,male,cauc,0,no,ssi
800,0,113,0,72,6,-0.335,-0.52,0.58,no,female,cauc,12,no,ssi
801,0,113,0,86,6,0.019,1.564,0.75,no,female,cauc,14,no,ssi
802,0,117,0,89,4,-1.892,0.102,0.33,no,female,cauc,9,no,ssi
803,0,92,0,90,0.5,1.577,0.941,0,no,female,cauc,10,no,ssi
804,3,113,0,87,6,2.087,0.651,0.42,yes,male,cauc,2,no,ssi
805,1,107,0,70,6,-0.556,-0.765,0.33,no,female,cauc,7,no,ssi
806,0,99,0,77,6,-0.997,-0.498,0,no,female,cauc,8,no,ssi
807,0,104,0,77,8.5,-1.451,-0.165,0.83,yes,female,other,6,no,ssi
808,5,110,4,76,17.5,1.897,-1.609,0,no,female,cauc,4,no,ssi
809,11,102,0,87,4,-0.789,-0.566,0.67,no,female,cauc,8,no,ssi
810,1,99,0,87,6,-1.892,0.102,0.67,no,female,cauc,16,no,ssi
811,4,105,0,66,6,-0.915,-0.586,0.83,no,female,other,0,no,ssi
812,2,98,0,71,6,-1.741,-0.009,0.42,no,female,cauc,10,no,ssi
813,0,99,0,88,1.5,-2.043,0.213,0.25,no,female,cauc,8,no,ssi
814,4,98,0,88,6,0.637,0.676,0.33,no,female,cauc,16,no,ssi
815,3,103,0,90,14.5,0.669,1.607,0,yes,male,cauc,6,no,ssi
816,4,111,0,72,6,-1.3,-0.276,0.83,no,female,cauc,14,no,ssi
817,4,110,0,73,11.5,0.744,-0.3,0.42,yes,female,cauc,3,no,ssi
818,2,113,0,77,6,0.139,0.522,0.17,no,female,cauc,5,no,ssi
819,1,116,0,80,8.5,0.87,0.477,0.67,no,female,cauc,12,no,ssi
820,1,92,0,81,6,1.904,-0.169,0.25,no,female,cauc,6,no,ssi
821,0,111,0,81,6,1.091,0.343,0,no,female,other,0,no,ssi
822,4,90,0,78,14.5,0.429,0.366,0.17,no,female,cauc,4,no,ssi
823,7,98,0,69,11.5,0.719,0.209,0.58,no,male,cauc,1,no,ssi
824,0,98,3,79,17.5,-1.01,-0.432,0.42,no,male,other,0,no,ssi
825,1,93,0,68,6,-0.486,-0.788,0.33,no,female,cauc,11,no,ssi
826,3,105,0,76,7.839,-0.997,-0.498,0.37,yes,female,cauc,9,no,ssi
827,5,95,0,79,6,1.614,-0.012,0.58,no,female,cauc,8,no,ssi
828,0,110,0,79,6,-1.672,-0.031,0.58,no,female,cauc,8,no,ssi
829,1,98,0,74,8.5,-0.965,0.433,0.37,yes,male,cauc,4,no,ssi
830,9,105,2,82,17.5,2.043,0.164,0.44,no,male,other,5,no,ssi
831,0,110,0,95,6,-0.548,1.054,0.67,no,male,other,0,no,ssi
832,6,106,0,79,11.5,0.441,-0.079,0.5,yes,male,cauc,13,no,ssi
833,0,108,0,82,8.5,-1.672,-0.031,0.38,no,female,cauc,9,no,ssi
834,0,110,3,67,9.875,-2.043,0.213,0.08,no,female,cauc,8,no,ssi
835,2,97,0,74,2.5,-2.043,0.213,0.58,no,female,cauc,10,no,ssi
836,1,97,3,84,6,-1.034,0.456,0.33,yes,male,cauc,8,no,ssi
837,13,117,0,74,11.5,-0.625,-0.742,0.25,no,female,cauc,12,no,ssi
838,0,90,0,95,6,-0.928,-0.521,0.37,no,female,cauc,12,no,ssi
839,4,95,4,85,17.5,1.041,1.362,0.33,no,female,cauc,5,no,ssi
840,0,99,0,79,14.5,-0.323,-0.964,0.38,no,female,cauc,12,no,ssi
841,4,99,0,78,14.5,0.927,0.898,0.5,no,female,cauc,10,no,ssi
842,1,117,0,79,6,-1.961,0.125,0.33,no,female,cauc,8,no,ssi
843,2,109,0,88,6,-0.776,-0.631,0.67,no,female,cauc,12,no,ssi
844,2,113,0,85,6,-1.52,-0.142,0.17,no,female,cauc,13,no,ssi
845,0,110,0,83,6,-1.52,-0.142,0.5,no,male,cauc,12,no,ssi
846,0,97,0,78,8.5,-2.043,0.213,0.5,no,male,cauc,13,no,ssi
847,1,97,0,68,6,-1.382,-0.188,0.08,no,female,cauc,8,no,ssi
848,7,107,0,84,7.831,0.568,0.699,0.33,no,female,cauc,7,no,ssi
849,6,89,0,78,6,1.658,0.474,0.37,no,female,cauc,0,no,ssi
850,0,99,0,86,4,2.276,-0.035,0.33,no,female,cauc,12,no,ssi
851,1,109,0,94,6,-2.043,0.213,0.5,no,female,cauc,8,no,ssi
852,0,89,0,84,6,0.751,1.518,0.37,no,female,cauc,12,no,ssi
853,3,107,3,65,4,1.822,0.298,0.54,yes,female,cauc,4,no,ssi
854,0,114,0,72,6,-0.789,-0.566,0.5,no,female,cauc,1,no,ssi
855,0,100,0,73,2.5,-1.52,-0.142,0.08,no,female,cauc,0,no,ssi
856,3,101,0,70,8.5,-0.858,-0.165,0.5,yes,female,other,12,no,ssi
857,4,110,0,73,6,-1.81,0.014,0.5,no,female,other,1,no,ssi
858,1,103,0,69,1.5,1.046,-0.143,0.58,no,female,other,11,no,ssi
859,1,107,0,74,8.25,-1.287,-0.341,0.5,yes,female,cauc,4,no,ssi
860,11,99,0,68,6,0.049,-1.209,0.33,yes,female,other,4,no,ssi
861,1,103,0,96,6,-1.451,-0.165,0.58,no,female,cauc,8,no,ssi
862,1,101,0,87,6,-1.161,-0.322,0.5,no,female,cauc,2,no,ssi
863,4,107,0,85,4,-1.892,0.102,0.33,no,female,cauc,3,no,ssi
864,4,109,0,76,4,-1.602,-0.054,0.5,no,female,cauc,6,no,ssi
865,4,116,0,75,6,-0.928,-0.521,0.42,no,female,cauc,12,no,ssi
866,0,110,0,83,6,1.192,1.251,0.33,no,female,cauc,10,no,ssi
867,2,101,3,82,6,0.555,0.764,0.42,no,female,cauc,6,no,ssi
868,0,103,0,82,6,-0.266,-0.922,0.42,no,female,other,6,no,ssi
869,1,103,0,79,6,0.694,1.097,0.25,no,female,cauc,6,no,ssi
870,0,107,1,75,4,-1.463,0.279,0.33,yes,male,other,6,no,ssi
871,0,93,2,72,17.5,-1.892,0.102,0.42,no,male,cauc,4,no,ssi
872,1,114,6,66,8.5,-1.961,0.125,0.43,yes,male,other,8,no,ssi
873,0,110,1,67,6,-2.043,0.213,0.25,yes,male,other,12,no,ssi
874,1,102,0,69,6,-0.858,-0.543,0,yes,male,other,10,no,ssi
875,4,116,0,74,14.5,2.692,0.207,0.17,yes,male,other,16,no,ssi
876,4,103,0,72,11.5,0.724,-1.675,0.67,yes,male,cauc,12,no,ssi
877,4,113,6,75,12.262,-1.451,-0.165,0.5,yes,male,other,2,no,ssi
878,1,71,0,83,11.5,-0.675,0.655,0.33,yes,male,other,1,no,ssi
879,6,103,0,78,11.5,2.043,0.164,0.5,yes,male,cauc,7,no,ssi
880,2,100,0,85,8.5,0.719,0.209,0.25,yes,male,cauc,1,no,ssi
881,2,102,0,81,8.5,-0.94,-0.076,0.67,yes,male,other,0,no,ssi
882,2,101,0,84,6,-1.218,-0.364,0,no,male,cauc,2,no,ssi
883,1,109,4,81,6,1.601,0.053,0.33,no,male,other,4,no,ssi
884,0,109,0,87,8.5,-0.561,1.498,0.83,yes,male,cauc,2,no,ssi
885,1,92,0,66,11.5,1.463,0.099,0.41,no,female,other,3,no,ssi
886,0,105,1,71,4,-0.404,-0.876,0.54,no,female,cauc,9,no,ssi
887,0,101,0,68,6,-0.568,-0.7,0.33,no,female,cauc,6,no,ssi
888,1,95,3,74,6,0.416,0.81,0.54,no,female,cauc,6,no,ssi
889,2,107,0,72,2.5,0.037,-1.143,0.58,no,female,cauc,12,no,ssi
890,0,93,3,73,2.5,-1.52,-0.142,0.33,no,female,other,3,no,ssi
891,2,104,0,73,11.5,-0.846,-0.609,0.41,yes,female,other,4,no,ssi
892,9,100,1,73,8.5,2.975,-1.768,0.41,no,female,other,2,no,ssi
893,0,92,0,70,11.5,1.822,0.298,0.08,yes,female,cauc,13,no,ssi
894,0,107,3,68,17.5,-1.961,0.125,0.33,no,female,other,0,no,ssi
895,6,107,0,66,9.782,1.582,-0.943,0.42,no,female,other,2,no,ssi
896,1,93,0,68,6,-1.3,-0.276,0.41,no,female,other,2,no,ssi
897,2,97,0,66,6,2.068,-0.345,0.41,no,female,other,4,no,ssi
898,0,101,3,83,17.5,-1.52,-0.142,0.58,yes,female,other,2,no,ssi
899,3,97,0,78,6,-0.997,-0.498,0.37,no,female,cauc,8,no,ssi
900,1,99,0,85,6,1.356,1.075,0.67,no,female,cauc,11,no,ssi
901,1,102,0,85,8.5,2.484,-0.103,0.42,no,female,cauc,11,no,ssi
902,0,99,0,85,6,-1.3,-0.276,0.33,no,female,cauc,8,no,ssi
903,1,110,0,78,10.264,-2.043,0.213,0.37,yes,female,other,7,no,ssi
904,5,96,0,76,1.5,2.182,0.498,0.25,no,female,cauc,12,no,ssi
905,1,97,0,90,6,3.077,-0.102,0.25,no,female,other,5,no,ssi
906,3,99,0,88,6,-0.707,-0.654,0.37,no,female,cauc,8,no,ssi
907,0,93,0,90,10.264,0.543,1.208,0.75,no,female,other,0,no,ssi
908,0,98,4,78,10.264,0.27,-0.964,0.37,no,female,other,0,no,ssi
909,2,99,0,78,6,0.498,0.721,0.37,no,female,other,4,no,ssi
910,1,106,0,76,17.5,0.404,1.254,0.25,no,female,other,6,no,ssi
911,0,118,0,85,8.5,0.568,0.699,0.5,no,female,other,2,no,ssi
912,6,90,2,82,17.5,2.648,-0.658,0.33,no,female,other,0,no,ssi
913,4,92,0,82,6,-1.672,-0.031,0.33,no,female,other,3,no,ssi
914,3,115,0,84,6,3.102,-0.991,0.42,no,female,cauc,12,no,ssi
915,1,115,0,80,6,0.315,-0.098,0.17,yes,female,cauc,12,no,ssi
916,0,105,0,71,6,-1.672,-0.031,0.43,yes,male,other,3,no,ssi
917,0,113,0,67,10.204,-1.823,0.08,0.25,yes,male,cauc,8,no,ssi
918,5,97,0,72,6,-1.23,-0.299,0.33,no,male,cauc,6,no,ssi
919,1,97,0,76,11.5,1.173,0.255,0.5,yes,female,other,3,no,ssi
920,0,93,0,76,6.18,-2.264,0.347,0.5,no,male,cauc,5,no,ssi
921,1,120,0,77,11.5,-0.499,-0.723,0.67,yes,male,cauc,6,no,ssi
922,1,110,0,77,6,-1.382,-0.188,0.58,no,male,cauc,2,no,ssi
923,1,105,0,77,11.5,-1.52,-0.142,0.44,yes,male,other,0,no,ssi
924,0,110,0,90,6.18,-2.043,0.213,0.5,no,male,cauc,8,no,ssi
925,0,100,3,72,17.5,-1.091,0.034,0.25,no,female,other,0,no,ssi
926,0,103,0,72,6,-1.892,0.102,0.5,no,female,cauc,14,no,ssi
927,0,111,3,65,9.875,0.724,-1.675,0.08,no,female,cauc,4,no,ssi
928,3,94,3,72,17.5,-1.672,-0.031,0.25,yes,female,other,0,no,ssi
929,2,93,0,70,17.5,0.151,0.078,0.17,no,female,other,6,no,ssi
930,0,91,0,70,4,0.126,0.966,0.17,no,female,other,8,no,ssi
931,1,92,3,69,4,-1.218,-0.364,0.33,yes,female,other,6,no,ssi
932,7,90,0,68,2.5,-0.02,-1.186,0.25,yes,female,cauc,4,no,ssi
933,0,93,3,66,4,-1.369,-0.253,0.17,yes,female,other,0,no,ssi
934,4,108,0,66,11.5,-0.814,0.322,0.25,no,female,cauc,10,no,ssi
935,0,96,0,81,6,2.194,0.054,0.75,no,female,other,3,no,ssi
936,1,90,0,85,4,1.949,0.697,0.5,no,female,cauc,10,no,ssi
937,6,102,0,85,6,-1.136,-0.452,0.37,no,female,other,4,no,ssi
938,5,115,3,71,17.5,-0.36,-0.011,0.5,yes,male,other,6,no,ssi
939,1,108,1,74,4,1.847,-0.211,0.5,yes,male,other,11,no,ssi
940,6,109,3,82,17.5,-2.113,0.236,0.5,yes,male,other,5,no,ssi
941,3,114,2,77,17.5,2.099,-0.172,0.5,no,male,other,14,no,ssi
942,0,118,5,82,11.5,0.486,0.787,0.67,yes,male,cauc,1,no,ssi
943,3,104,3,72,9.782,-0.707,-0.654,0.41,yes,female,other,3,no,ssi
944,0,113,1,72,8.5,2.345,-0.436,0.58,no,female,cauc,8,no,ssi
945,0,106,1,75,17.5,-2.043,0.213,0.42,no,female,other,2,no,ssi
946,0,97,3,68,17.5,-0.556,-0.765,0.08,yes,female,cauc,2,no,ssi
947,0,98,2,68,9.782,-1.741,-0.009,0.67,yes,female,other,7,no,ssi
948,2,97,0,84,7.831,1.172,-0.124,0.5,no,female,cauc,12,no,ssi
949,3,96,0,84,6,0.788,0.565,0.25,no,female,cauc,4,no,ssi
950,3,96,1,78,6,0.555,0.764,0.67,no,female,other,6,no,ssi
951,2,96,0,77,6,-0.404,-0.876,0.33,yes,female,other,8,no,ssi
952,0,100,1,80,9.66,0.801,0.5,0,no,female,other,4,no,ssi
953,3,97,1,71,11.5,1.872,-1.099,0.58,no,male,other,12,no,ssi
954,4,104,2,73,6,-0.858,-0.543,0.33,yes,male,other,3,no,ssi
955,2,111,1,71,6,-0.102,-1.098,0.43,yes,male,other,18,no,ssi
956,1,111,0,88,12.15,-0.694,-0.72,0.33,no,male,other,8,no,ssi
957,1,98,7,68,9.782,0.776,0.63,0.41,no,female,other,2,no,ssi
958,0,109,0,67,11.5,-0.776,-0.631,0.17,yes,female,other,5,no,ssi
959,4,92,0,74,6,-1.3,-0.276,0.75,no,female,cauc,5,no,ssi
960,4,109,0,86,8.5,2.926,0.008,0.33,no,female,cauc,4,no,ssi
961,0,96,0,86,6,0.617,-1.456,0.67,no,female,cauc,8,no,ssi
962,1,116,0,83,4,-2.264,0.347,0.58,no,female,cauc,10,no,ssi
963,1,120,0,68,6,0.511,0.656,0.08,no,male,cauc,4,no,ssi
964,6,106,0,74,6,0.605,-0.634,0.25,yes,male,cauc,8,no,ssi
965,2,100,0,81,11.5,-0.556,-0.765,0.44,yes,male,other,0,no,ssi
966,3,106,0,86,6,0.801,0.5,0.17,no,male,cauc,1,no,ssi
967,0,100,0,66,11.5,1.091,0.343,0.08,yes,female,other,3,no,ssi
968,1,102,0,80,6,-1.23,-0.299,0.08,no,female,cauc,8,no,ssi
969,2,113,0,86,6,-2.043,0.213,0.5,no,female,cauc,12,no,ssi
970,5,102,0,76,6,-1.438,-0.23,0.67,no,female,cauc,12,no,ssi
971,7,91,0,81,7.839,2.1,0.586,0.33,no,female,cauc,0,no,ssi
972,4,107,0,83,6,2.345,-0.436,0.58,no,female,cauc,3,no,ssi
973,2,113,0,81,8.5,0.858,0.542,0.33,yes,male,other,4,no,ssi
974,0,113,0,83,11.5,-1.684,0.413,0.58,yes,male,cauc,3,no,ssi
975,4,97,2,73,6,1.034,-0.457,0.33,no,female,other,5,no,ssi
976,4,119,0,74,6,1.071,-1.032,0.41,no,female,other,13,no,ssi
977,3,113,0,79,6,1.324,0.144,0.08,yes,female,other,5,no,ssi
978,5,106,0,86,11.5,2.251,0.475,0.67,yes,female,cauc,4,no,ssi
979,1,99,0,78,6,-0.883,0.345,0.17,no,female,other,3,no,ssi
980,5,98,0,82,4,4.81,-1.724,0.33,yes,female,cauc,9,no,ssi
981,0,97,0,74,8.5,-1.243,0.145,0.43,yes,male,other,1,no,ssi
982,0,113,0,66,10.204,1.57,-0.499,0.08,yes,male,cauc,6,no,ssi
983,4,98,0,77,11.5,0.421,-1.453,0.42,yes,male,other,6,no,ssi
984,0,91,2,75,6,0.617,-0.699,0.25,yes,male,other,3,no,ssi
985,3,106,0,81,7.831,-1.148,-0.387,0.17,no,female,cauc,10,no,ssi
986,0,97,0,95,6,-1.3,-0.276,0.37,no,female,cauc,16,no,ssi
987,2,98,0,68,4,-2.113,0.236,0.33,no,male,cauc,10,no,ssi
988,2,114,0,66,8.5,-0.404,-0.876,0.17,no,female,cauc,12,no,ssi
989,4,114,0,87,6,0.416,0.81,0.58,no,female,cauc,9,no,ssi
990,12,114,0,78,8.5,1.822,0.298,0.33,no,female,cauc,13,no,ssi
991,0,117,0,67,11.5,-0.209,-0.122,0.58,yes,female,other,6,no,ssi
992,0,106,0,65,8.5,-2.264,0.347,0.33,yes,male,cauc,8,no,ssi
993,1,107,0,90,9.66,1.532,0.455,0.5,yes,male,cauc,0,no,ssi
994,10,116,1,70,6,2.66,-0.723,0.17,no,female,cauc,8,no,ssi
995,3,118,0,73,6,0.813,0.056,0.17,no,female,cauc,12,no,ssi
996,0,115,2,71,10.444,-2.113,0.236,0.42,yes,male,other,14,no,ssi
